startSnipped,endSnipped,startEnc,endEnc,encDur,encN,startNumEnc,endNumEnc
28-May-2022 08:16:21,28-May-2022 10:30:41,28-May-2022 09:16:21,28-May-2022 09:30:41,00:14:20,1,738669.386358732,738669.396317058
28-May-2022 10:06:55,28-May-2022 12:41:44,28-May-2022 11:06:55,28-May-2022 11:41:44,00:34:48,2,738669.463143294,738669.487320844
28-May-2022 12:24:17,28-May-2022 14:44:38,28-May-2022 13:24:17,28-May-2022 13:44:38,00:20:21,3,738669.558532284,738669.572673463
28-May-2022 14:31:21,28-May-2022 16:58:53,28-May-2022 15:31:21,28-May-2022 15:58:53,00:27:32,4,738669.646775213,738669.665901011
28-May-2022 17:20:35,28-May-2022 20:01:22,28-May-2022 18:20:35,28-May-2022 19:01:22,00:40:46,5,738669.764304858,738669.792625797
28-May-2022 20:40:19,28-May-2022 23:26:51,28-May-2022 21:40:19,28-May-2022 22:26:51,00:46:31,6,738669.903005908,738669.935318031
28-May-2022 22:47:12,29-May-2022 00:58:30,28-May-2022 23:47:12,28-May-2022 23:58:30,00:11:17,7,738669.991121237,738669.998958551
29-May-2022 02:45:05,29-May-2022 05:37:57,29-May-2022 03:45:05,29-May-2022 04:37:57,00:52:52,8,738670.156312733,738670.193028248
29-May-2022 05:10:02,29-May-2022 07:30:40,29-May-2022 06:10:02,29-May-2022 06:30:40,00:20:38,9,738670.256968368,738670.271298711
29-May-2022 09:52:59,29-May-2022 12:09:59,29-May-2022 10:52:59,29-May-2022 11:09:59,00:16:59,11,738670.453470508,738670.465267672
29-May-2022 11:31:01,29-May-2022 13:55:18,29-May-2022 12:31:01,29-May-2022 12:55:18,00:24:17,12,738670.521545669,738670.538413179
29-May-2022 13:28:14,29-May-2022 16:34:07,29-May-2022 14:28:14,29-May-2022 15:34:07,01:05:52,13,738670.60294729,738670.64869357
29-May-2022 16:49:02,29-May-2022 19:20:36,29-May-2022 17:49:02,29-May-2022 18:20:36,00:31:33,14,738670.742394978,738670.764308859
30-May-2022 20:28:43,30-May-2022 22:56:32,30-May-2022 21:28:43,30-May-2022 21:56:32,00:27:48,16,738671.894949839,738671.914262829
30-May-2022 22:52:41,31-May-2022 01:45:44,30-May-2022 23:52:41,31-May-2022 00:45:44,00:53:02,18,738671.994919958,738672.031759491
31-May-2022 06:20:02,31-May-2022 08:49:59,31-May-2022 07:20:02,31-May-2022 07:49:59,00:29:57,19,738672.305579,738672.326379608
31-May-2022 09:55:19,31-May-2022 12:09:36,31-May-2022 10:55:19,31-May-2022 11:09:36,00:14:16,20,738672.455091016,738672.465005614
31-May-2022 13:53:20,31-May-2022 16:34:16,31-May-2022 14:53:20,31-May-2022 15:34:16,00:40:55,21,738672.620379164,738672.648803822
31-May-2022 23:36:41,01-Jun-2022 02:19:14,01-Jun-2022 00:36:41,01-Jun-2022 01:19:14,00:42:32,22,738673.025485818,738673.055023382
01-Jun-2022 13:07:59,01-Jun-2022 15:55:22,01-Jun-2022 14:07:59,01-Jun-2022 14:55:22,00:47:22,23,738673.58888789,738673.621787867
01-Jun-2022 19:49:40,01-Jun-2022 22:09:59,01-Jun-2022 20:49:40,01-Jun-2022 21:09:59,00:20:18,24,738673.867833258,738673.881938358
01-Jun-2022 23:45:01,02-Jun-2022 02:04:42,02-Jun-2022 00:45:01,02-Jun-2022 01:04:42,00:19:40,25,738674.031270474,738674.044933999
02-Jun-2022 04:45:15,02-Jun-2022 07:28:34,02-Jun-2022 05:45:15,02-Jun-2022 06:28:34,00:43:18,26,738674.23976678,738674.269846742
02-Jun-2022 15:47:09,02-Jun-2022 18:12:55,02-Jun-2022 16:47:09,02-Jun-2022 17:12:55,00:25:45,27,738674.699417515,738674.717304419
02-Jun-2022 19:30:02,02-Jun-2022 22:00:02,02-Jun-2022 20:30:02,02-Jun-2022 21:00:02,00:29:59,28,738674.854190421,738674.875023754
02-Jun-2022 21:05:20,02-Jun-2022 23:39:53,02-Jun-2022 22:05:20,02-Jun-2022 22:39:53,00:34:32,29,738674.920373609,738674.944366197
03-Jun-2022 07:24:15,03-Jun-2022 09:59:35,03-Jun-2022 08:24:15,03-Jun-2022 08:59:35,00:35:19,31,738675.350180913,738675.374711224
03-Jun-2022 11:17:55,03-Jun-2022 13:36:46,03-Jun-2022 12:17:55,03-Jun-2022 12:36:46,00:18:50,32,738675.512453441,738675.525537327
03-Jun-2022 14:29:23,03-Jun-2022 17:09:12,03-Jun-2022 15:29:23,03-Jun-2022 16:09:12,00:39:48,33,738675.645412333,738675.673057796
03-Jun-2022 17:02:35,03-Jun-2022 19:35:33,03-Jun-2022 18:02:35,03-Jun-2022 18:35:33,00:32:58,34,738675.751803419,738675.774697276
03-Jun-2022 22:54:09,04-Jun-2022 01:50:28,03-Jun-2022 23:54:09,04-Jun-2022 00:50:28,00:56:18,36,738675.995946174,738676.035051681
04-Jun-2022 04:16:00,04-Jun-2022 06:37:42,04-Jun-2022 05:16:00,04-Jun-2022 05:37:42,00:21:41,37,738676.219454517,738676.234518141
04-Jun-2022 15:30:40,04-Jun-2022 18:06:51,04-Jun-2022 16:30:40,04-Jun-2022 17:06:51,00:36:10,38,738676.687969884,738676.713090853
04-Jun-2022 19:09:00,04-Jun-2022 21:23:26,04-Jun-2022 20:09:00,04-Jun-2022 20:23:26,00:14:26,39,738676.839589541,738676.849612856
04-Jun-2022 21:40:02,05-Jun-2022 00:04:35,04-Jun-2022 22:40:02,04-Jun-2022 23:04:35,00:24:33,40,738676.944468113,738676.961525717
05-Jun-2022 00:26:34,05-Jun-2022 02:41:51,05-Jun-2022 01:26:34,05-Jun-2022 01:41:51,00:15:17,41,738677.060117202,738677.07073209
05-Jun-2022 03:49:38,05-Jun-2022 06:00:42,05-Jun-2022 04:49:38,05-Jun-2022 05:00:42,00:11:03,42,738677.20113823,738677.208821356
05-Jun-2022 22:30:02,06-Jun-2022 00:45:45,05-Jun-2022 23:30:02,05-Jun-2022 23:45:45,00:15:43,43,738677.979190284,738677.990112708
07-Jun-2022 07:10:02,07-Jun-2022 09:47:07,07-Jun-2022 08:10:02,07-Jun-2022 08:47:07,00:37:05,44,738679.340301335,738679.366060745
07-Jun-2022 09:46:42,07-Jun-2022 12:12:54,07-Jun-2022 10:46:42,07-Jun-2022 11:12:54,00:26:11,45,738679.449103284,738679.467293985
07-Jun-2022 18:36:49,07-Jun-2022 21:02:49,07-Jun-2022 19:36:49,07-Jun-2022 20:02:49,00:26:00,46,738679.817236289,738679.835298179
08-Jun-2022 07:20:58,08-Jun-2022 10:00:20,08-Jun-2022 08:20:58,08-Jun-2022 09:00:20,00:39:22,47,738680.347897929,738680.375241339
08-Jun-2022 11:40:32,08-Jun-2022 13:59:03,08-Jun-2022 12:40:32,08-Jun-2022 12:59:03,00:18:30,48,738680.528158651,738680.541011995
08-Jun-2022 13:46:52,08-Jun-2022 16:04:06,08-Jun-2022 14:46:52,08-Jun-2022 15:04:06,00:17:14,49,738680.61588835,738680.627856301
08-Jun-2022 19:18:00,08-Jun-2022 21:44:51,08-Jun-2022 20:18:00,08-Jun-2022 20:44:51,00:26:51,50,738680.845835436,738680.864483614
09-Jun-2022 02:19:03,09-Jun-2022 04:49:59,09-Jun-2022 03:19:03,09-Jun-2022 03:49:59,00:30:56,51,738681.13823779,738681.159721644
09-Jun-2022 05:00:37,09-Jun-2022 07:14:41,09-Jun-2022 06:00:37,09-Jun-2022 06:14:41,00:14:04,52,738681.250432071,738681.260208125
09-Jun-2022 06:34:25,09-Jun-2022 09:09:41,09-Jun-2022 07:34:25,09-Jun-2022 08:09:41,00:35:15,53,738681.315575891,738681.34006628
09-Jun-2022 14:05:24,09-Jun-2022 17:04:25,09-Jun-2022 15:05:24,09-Jun-2022 16:04:25,00:59:01,54,738681.628756263,738681.669745353
09-Jun-2022 18:27:10,09-Jun-2022 21:04:46,09-Jun-2022 19:27:10,09-Jun-2022 20:04:46,00:37:35,55,738681.81053617,738681.836643603
10-Jun-2022 02:35:24,10-Jun-2022 05:01:57,10-Jun-2022 03:35:24,10-Jun-2022 04:01:57,00:26:32,56,738682.149590718,738682.168025803
10-Jun-2022 07:28:20,10-Jun-2022 09:49:37,10-Jun-2022 08:28:20,10-Jun-2022 08:49:37,00:21:17,57,738682.353011134,738682.367799047
10-Jun-2022 10:10:25,10-Jun-2022 12:59:54,10-Jun-2022 11:10:25,10-Jun-2022 11:59:54,00:49:29,58,738682.465573096,738682.499940867
12-Jun-2022 16:22:27,12-Jun-2022 18:42:31,12-Jun-2022 17:22:27,12-Jun-2022 17:42:31,00:20:04,59,738684.723923888,738684.73786294
12-Jun-2022 18:57:09,12-Jun-2022 21:59:25,12-Jun-2022 19:57:09,12-Jun-2022 20:59:25,01:02:16,60,738684.831354977,738684.874606212
12-Jun-2022 21:48:42,13-Jun-2022 00:00:59,12-Jun-2022 22:48:42,12-Jun-2022 23:00:59,00:12:17,61,738684.950488815,738684.959023352
13-Jun-2022 01:35:08,13-Jun-2022 04:04:56,13-Jun-2022 02:35:08,13-Jun-2022 03:04:56,00:29:48,62,738685.107732056,738685.128428557
13-Jun-2022 03:55:18,13-Jun-2022 07:08:27,13-Jun-2022 04:55:18,13-Jun-2022 06:08:27,01:13:08,63,738685.205080356,738685.255869259
13-Jun-2022 06:05:22,13-Jun-2022 08:21:26,13-Jun-2022 07:05:22,13-Jun-2022 07:21:26,00:16:03,64,738685.295404886,738685.306551451
13-Jun-2022 07:38:02,13-Jun-2022 09:50:17,13-Jun-2022 08:38:02,13-Jun-2022 08:50:17,00:12:14,65,738685.359755578,738685.368261897
13-Jun-2022 09:05:49,13-Jun-2022 11:37:25,13-Jun-2022 10:05:49,13-Jun-2022 10:37:25,00:31:35,66,738685.420713733,738685.442657232
13-Jun-2022 11:08:46,13-Jun-2022 13:45:15,13-Jun-2022 12:08:46,13-Jun-2022 12:45:15,00:36:29,67,738685.506093245,738685.531434385
13-Jun-2022 14:31:34,13-Jun-2022 16:55:33,13-Jun-2022 15:31:34,13-Jun-2022 15:55:33,00:23:58,68,738685.646928904,738685.663580271
13-Jun-2022 17:52:11,13-Jun-2022 20:20:43,13-Jun-2022 18:52:11,13-Jun-2022 19:20:43,00:28:32,69,738685.786240399,738685.806057906
13-Jun-2022 20:16:02,13-Jun-2022 22:39:30,13-Jun-2022 21:16:02,13-Jun-2022 21:39:30,00:23:28,70,738685.886139594,738685.902441857
14-Jun-2022 05:20:32,14-Jun-2022 07:34:59,14-Jun-2022 06:20:32,14-Jun-2022 06:34:59,00:14:26,71,738686.264269127,738686.274301888
14-Jun-2022 07:25:24,14-Jun-2022 09:43:37,14-Jun-2022 08:25:24,14-Jun-2022 08:43:37,00:18:13,72,738686.350979856,738686.363632642
14-Jun-2022 11:51:41,14-Jun-2022 14:05:07,14-Jun-2022 12:51:41,14-Jun-2022 13:05:07,00:13:26,73,738686.535896328,738686.545226529
14-Jun-2022 14:50:56,14-Jun-2022 17:06:47,14-Jun-2022 15:50:56,14-Jun-2022 16:06:47,00:15:50,74,738686.660381821,738686.671383674
14-Jun-2022 20:15:37,14-Jun-2022 22:49:19,14-Jun-2022 21:15:37,14-Jun-2022 21:49:19,00:33:41,75,738686.885847162,738686.909247999
14-Jun-2022 22:50:41,15-Jun-2022 01:05:44,14-Jun-2022 23:50:41,15-Jun-2022 00:05:44,00:15:03,76,738686.993534984,738687.003991875
15-Jun-2022 03:15:17,15-Jun-2022 05:43:31,15-Jun-2022 04:15:17,15-Jun-2022 04:43:31,00:28:14,77,738687.177287763,738687.196897891
15-Jun-2022 06:10:01,15-Jun-2022 08:29:59,15-Jun-2022 07:10:01,15-Jun-2022 07:29:59,00:19:57,78,738687.298634237,738687.312497096
16-Jun-2022 02:10:01,16-Jun-2022 04:34:40,16-Jun-2022 03:10:01,16-Jun-2022 03:34:40,00:24:38,79,738688.131967528,738688.149082688
16-Jun-2022 05:50:15,16-Jun-2022 08:14:45,16-Jun-2022 06:50:15,16-Jun-2022 07:14:45,00:24:30,80,738688.284902065,738688.301918617
16-Jun-2022 07:25:33,16-Jun-2022 09:49:12,16-Jun-2022 08:25:33,16-Jun-2022 08:49:12,00:23:39,81,738688.351080102,738688.367504956
16-Jun-2022 09:59:19,16-Jun-2022 12:25:09,16-Jun-2022 10:59:19,16-Jun-2022 11:25:09,00:25:49,82,738688.45786931,738688.475805947
16-Jun-2022 17:16:11,16-Jun-2022 19:43:35,16-Jun-2022 18:16:11,16-Jun-2022 18:43:35,00:27:24,83,738688.761241231,738688.780271788
16-Jun-2022 19:09:09,16-Jun-2022 21:30:05,16-Jun-2022 20:09:09,16-Jun-2022 20:30:05,00:20:56,84,738688.839692093,738688.854232648
16-Jun-2022 21:16:46,17-Jun-2022 00:09:44,16-Jun-2022 22:16:46,16-Jun-2022 23:09:44,00:52:57,85,738688.928313632,738688.96509453
17-Jun-2022 02:05:57,17-Jun-2022 04:26:53,17-Jun-2022 03:05:57,17-Jun-2022 03:26:53,00:20:56,86,738689.129136041,738689.143679666
17-Jun-2022 04:00:01,17-Jun-2022 06:42:13,17-Jun-2022 05:00:01,17-Jun-2022 05:42:13,00:42:12,87,738689.208347577,738689.237660019
17-Jun-2022 07:55:01,17-Jun-2022 10:29:57,17-Jun-2022 08:55:01,17-Jun-2022 09:29:57,00:34:56,88,738689.37154245,738689.395801929
17-Jun-2022 14:48:39,17-Jun-2022 17:02:33,17-Jun-2022 15:48:39,17-Jun-2022 16:02:33,00:13:54,89,738689.658787532,738689.668447108
17-Jun-2022 16:52:31,17-Jun-2022 19:05:44,17-Jun-2022 17:52:31,17-Jun-2022 18:05:44,00:13:12,90,738689.744810544,738689.753986528
17-Jun-2022 23:36:33,18-Jun-2022 01:59:23,18-Jun-2022 00:36:33,18-Jun-2022 00:59:23,00:22:49,91,738690.02539306,738690.041239523
18-Jun-2022 04:50:37,18-Jun-2022 07:04:15,18-Jun-2022 05:50:37,18-Jun-2022 06:04:15,00:13:38,92,738690.243487649,738690.252962344
18-Jun-2022 18:15:03,18-Jun-2022 20:37:41,18-Jun-2022 19:15:03,18-Jun-2022 19:37:41,00:22:38,93,738690.802118348,738690.817846651
18-Jun-2022 20:35:28,18-Jun-2022 23:02:44,18-Jun-2022 21:35:28,18-Jun-2022 22:02:44,00:27:15,94,738690.89963794,738690.918567526
19-Jun-2022 05:15:57,19-Jun-2022 07:55:35,19-Jun-2022 06:15:57,19-Jun-2022 06:55:35,00:39:38,95,738691.261081151,738691.288609197
19-Jun-2022 07:25:27,19-Jun-2022 10:08:33,19-Jun-2022 08:25:27,19-Jun-2022 09:08:33,00:43:06,96,738691.351015969,738691.380947216
19-Jun-2022 17:26:17,19-Jun-2022 20:22:32,19-Jun-2022 18:26:17,19-Jun-2022 19:22:32,00:56:14,97,738691.768259889,738691.807319764
19-Jun-2022 22:35:43,20-Jun-2022 01:00:31,19-Jun-2022 23:35:43,20-Jun-2022 00:00:31,00:24:47,98,738691.983147206,738692.000359667
20-Jun-2022 03:55:03,20-Jun-2022 06:19:59,20-Jun-2022 04:55:03,20-Jun-2022 05:19:59,00:24:55,99,738692.20490704,738692.222221773
20-Jun-2022 06:01:24,20-Jun-2022 08:19:05,20-Jun-2022 07:01:24,20-Jun-2022 07:19:05,00:17:41,100,738692.292640675,738692.304930284
20-Jun-2022 08:55:04,20-Jun-2022 11:38:30,20-Jun-2022 09:55:04,20-Jun-2022 10:38:30,00:43:25,101,738692.41325071,738692.443409777
20-Jun-2022 10:58:38,20-Jun-2022 13:39:53,20-Jun-2022 11:58:38,20-Jun-2022 12:39:53,00:41:14,102,738692.499056961,738692.527697047
20-Jun-2022 15:40:56,20-Jun-2022 18:18:13,20-Jun-2022 16:40:56,20-Jun-2022 17:18:13,00:37:16,103,738692.695102406,738692.720986956
21-Jun-2022 02:10:56,21-Jun-2022 04:20:58,21-Jun-2022 03:10:56,21-Jun-2022 03:20:58,00:10:01,104,738693.132603911,738693.13956907
21-Jun-2022 13:18:00,21-Jun-2022 15:54:03,21-Jun-2022 14:18:00,21-Jun-2022 14:54:03,00:36:03,105,738693.595833408,738693.620870231
21-Jun-2022 20:01:07,21-Jun-2022 22:29:53,21-Jun-2022 21:01:07,21-Jun-2022 21:29:53,00:28:45,106,738693.875784143,738693.895757656
22-Jun-2022 00:35:45,22-Jun-2022 02:49:59,22-Jun-2022 01:35:45,22-Jun-2022 01:49:59,00:14:13,107,738694.066497778,738694.076380079
22-Jun-2022 05:05:01,22-Jun-2022 07:28:54,22-Jun-2022 06:05:01,22-Jun-2022 06:28:54,00:23:53,108,738694.253483815,738694.270073234
22-Jun-2022 09:05:00,22-Jun-2022 11:19:53,22-Jun-2022 10:05:00,22-Jun-2022 10:19:53,00:14:52,109,738694.420148984,738694.430482518
22-Jun-2022 10:11:09,22-Jun-2022 12:34:50,22-Jun-2022 11:11:09,22-Jun-2022 11:34:50,00:23:41,110,738694.466077254,738694.482531118
22-Jun-2022 12:46:01,22-Jun-2022 15:01:11,22-Jun-2022 13:46:01,22-Jun-2022 14:01:11,00:15:10,111,738694.5736252,738694.584161888
22-Jun-2022 13:40:01,22-Jun-2022 16:08:49,22-Jun-2022 14:40:01,22-Jun-2022 15:08:49,00:28:47,112,738694.611133817,738694.631123451
23-Jun-2022 03:41:01,23-Jun-2022 06:11:54,23-Jun-2022 04:41:01,23-Jun-2022 05:11:54,00:30:53,113,738695.195150811,738695.216599718
23-Jun-2022 06:25:16,23-Jun-2022 10:14:03,23-Jun-2022 07:25:16,23-Jun-2022 09:14:03,01:48:47,114,738695.309213501,738695.384757822
23-Jun-2022 10:25:29,23-Jun-2022 13:13:25,23-Jun-2022 11:25:29,23-Jun-2022 12:13:25,00:47:55,115,738695.476034429,738695.509317962
23-Jun-2022 14:40:31,23-Jun-2022 16:59:12,23-Jun-2022 15:40:31,23-Jun-2022 15:59:12,00:18:40,116,738695.653142024,738695.666111411
23-Jun-2022 17:17:23,23-Jun-2022 19:56:18,23-Jun-2022 18:17:23,23-Jun-2022 18:56:18,00:38:55,117,738695.762074382,738695.789102367
23-Jun-2022 19:50:27,23-Jun-2022 22:12:29,23-Jun-2022 20:50:27,23-Jun-2022 21:12:29,00:22:01,118,738695.86837421,738695.883669773
23-Jun-2022 22:30:28,24-Jun-2022 01:25:19,23-Jun-2022 23:30:28,24-Jun-2022 00:25:19,00:54:50,119,738695.979495642,738696.017582707
24-Jun-2022 00:35:55,24-Jun-2022 03:12:58,24-Jun-2022 01:35:55,24-Jun-2022 02:12:58,00:37:02,120,738696.066616801,738696.092338189
24-Jun-2022 02:06:49,24-Jun-2022 04:34:52,24-Jun-2022 03:06:49,24-Jun-2022 03:34:52,00:28:02,121,738696.129742001,738696.14922035
24-Jun-2022 03:40:41,24-Jun-2022 06:04:58,24-Jun-2022 04:40:41,24-Jun-2022 05:04:58,00:24:16,122,738696.194927952,738696.211791368
24-Jun-2022 13:59:35,24-Jun-2022 16:34:50,24-Jun-2022 14:59:35,24-Jun-2022 15:34:50,00:35:15,123,738696.624717595,738696.649197903
24-Jun-2022 17:31:14,24-Jun-2022 20:52:23,24-Jun-2022 18:31:14,24-Jun-2022 19:52:23,01:21:08,124,738696.771699957,738696.82804406
24-Jun-2022 22:49:27,25-Jun-2022 01:13:18,24-Jun-2022 23:49:27,25-Jun-2022 00:13:18,00:23:51,125,738696.992674366,738697.009238565
25-Jun-2022 01:37:05,25-Jun-2022 04:14:46,25-Jun-2022 02:37:05,25-Jun-2022 03:14:46,00:37:41,126,738697.109091067,738697.135264937
25-Jun-2022 07:35:06,25-Jun-2022 10:03:41,25-Jun-2022 08:35:06,25-Jun-2022 09:03:41,00:28:35,128,738697.357708964,738697.377568877
26-Jun-2022 01:35:00,26-Jun-2022 04:14:04,26-Jun-2022 02:35:00,26-Jun-2022 03:14:04,00:39:03,129,738698.107647991,738698.134776614
26-Jun-2022 04:35:06,26-Jun-2022 07:09:59,26-Jun-2022 05:35:06,26-Jun-2022 06:09:59,00:34:53,130,738698.23271614,738698.256942656
26-Jun-2022 06:01:15,26-Jun-2022 08:44:59,26-Jun-2022 07:01:15,26-Jun-2022 07:44:59,00:43:44,131,738698.292543867,738698.322916166
26-Jun-2022 08:07:35,26-Jun-2022 10:44:10,26-Jun-2022 09:07:35,26-Jun-2022 09:44:10,00:36:35,132,738698.38026631,738698.405676619
26-Jun-2022 13:34:26,26-Jun-2022 16:16:41,26-Jun-2022 14:34:26,26-Jun-2022 15:16:41,00:42:15,134,738698.607246998,738698.636593049
26-Jun-2022 16:33:41,26-Jun-2022 19:09:56,26-Jun-2022 17:33:41,26-Jun-2022 18:09:56,00:36:15,135,738698.731732292,738698.756908376
26-Jun-2022 19:32:02,26-Jun-2022 22:11:20,26-Jun-2022 20:32:02,26-Jun-2022 21:11:20,00:39:17,136,738698.855585667,738698.882876979
27-Jun-2022 00:32:38,27-Jun-2022 02:57:56,27-Jun-2022 01:32:38,27-Jun-2022 01:57:56,00:25:17,137,738699.064338853,738699.081903937
27-Jun-2022 01:35:34,27-Jun-2022 04:03:16,27-Jun-2022 02:35:34,27-Jun-2022 03:03:16,00:27:42,138,738699.108033206,738699.127269489
27-Jun-2022 03:55:33,27-Jun-2022 06:24:59,27-Jun-2022 04:55:33,27-Jun-2022 05:24:59,00:29:25,139,738699.205254406,738699.225684937
27-Jun-2022 14:34:53,27-Jun-2022 16:49:52,27-Jun-2022 15:34:53,27-Jun-2022 15:49:52,00:14:58,140,738699.649232719,738699.659634945
27-Jun-2022 17:15:50,27-Jun-2022 19:29:00,27-Jun-2022 18:15:50,27-Jun-2022 18:29:00,00:13:10,141,738699.760995682,738699.770145081
27-Jun-2022 23:04:39,28-Jun-2022 01:28:47,28-Jun-2022 00:04:39,28-Jun-2022 00:28:47,00:24:07,142,738700.003238569,738700.019990794
28-Jun-2022 01:03:17,28-Jun-2022 03:54:22,28-Jun-2022 02:03:17,28-Jun-2022 02:54:22,00:51:05,143,738700.085617066,738700.121093897
28-Jun-2022 03:25:33,28-Jun-2022 05:56:06,28-Jun-2022 04:25:33,28-Jun-2022 04:56:06,00:30:33,144,738700.184414303,738700.205629965
28-Jun-2022 07:39:30,28-Jun-2022 11:14:57,28-Jun-2022 08:39:30,28-Jun-2022 10:14:57,01:35:27,145,738700.360765494,738700.427056102
28-Jun-2022 13:05:49,28-Jun-2022 15:38:28,28-Jun-2022 14:05:49,28-Jun-2022 14:38:28,00:32:39,146,738700.587374629,738700.610054389
28-Jun-2022 16:27:18,28-Jun-2022 18:58:40,28-Jun-2022 17:27:18,28-Jun-2022 17:58:40,00:31:22,147,738700.727291803,738700.749085005
28-Jun-2022 23:07:18,29-Jun-2022 01:37:30,29-Jun-2022 00:07:18,29-Jun-2022 00:37:30,00:30:12,148,738701.005072798,738701.026052589
29-Jun-2022 05:41:16,29-Jun-2022 08:14:59,29-Jun-2022 06:41:16,29-Jun-2022 07:14:59,00:33:42,149,738701.278668022,738701.302073073
29-Jun-2022 08:25:06,29-Jun-2022 10:39:41,29-Jun-2022 09:25:06,29-Jun-2022 09:39:41,00:14:34,151,738701.392433003,738701.402560291
29-Jun-2022 11:16:42,29-Jun-2022 13:39:20,29-Jun-2022 12:16:42,29-Jun-2022 12:39:20,00:22:38,152,738701.511598489,738701.527321086
29-Jun-2022 15:33:16,29-Jun-2022 18:14:46,29-Jun-2022 16:33:16,29-Jun-2022 17:14:46,00:41:29,153,738701.689775835,738701.718590193
29-Jun-2022 19:30:35,29-Jun-2022 21:57:41,29-Jun-2022 20:30:35,29-Jun-2022 20:57:41,00:27:06,154,738701.854573936,738701.873402031
29-Jun-2022 22:21:54,30-Jun-2022 01:02:55,29-Jun-2022 23:21:54,30-Jun-2022 00:02:55,00:41:01,156,738701.973543615,738702.002035284
30-Jun-2022 01:19:14,30-Jun-2022 03:39:46,30-Jun-2022 02:19:14,30-Jun-2022 02:39:46,00:20:32,157,738702.096691179,738702.110954955
30-Jun-2022 03:07:48,30-Jun-2022 05:26:41,30-Jun-2022 04:07:48,30-Jun-2022 04:26:41,00:18:52,158,738702.172086751,738702.185200043
30-Jun-2022 05:28:33,30-Jun-2022 07:39:59,30-Jun-2022 06:28:33,30-Jun-2022 06:39:59,00:11:26,159,738702.269828841,738702.277773287
30-Jun-2022 10:30:01,30-Jun-2022 13:03:27,30-Jun-2022 11:30:01,30-Jun-2022 12:03:27,00:33:25,160,738702.479188849,738702.502399324
30-Jun-2022 14:25:05,30-Jun-2022 16:53:33,30-Jun-2022 15:25:05,30-Jun-2022 15:53:33,00:28:27,161,738702.642429879,738702.662191846
30-Jun-2022 17:20:39,30-Jun-2022 19:55:39,30-Jun-2022 18:20:39,30-Jun-2022 18:55:39,00:34:59,162,738702.76434837,738702.788651108
30-Jun-2022 19:57:30,30-Jun-2022 22:43:34,30-Jun-2022 20:57:30,30-Jun-2022 21:43:34,00:46:04,163,738702.873264573,738702.905255637
30-Jun-2022 22:47:22,01-Jul-2022 01:13:11,30-Jun-2022 23:47:22,01-Jul-2022 00:13:11,00:25:49,164,738702.991228415,738703.00916396
01-Jul-2022 00:55:46,01-Jul-2022 03:43:17,01-Jul-2022 01:55:46,01-Jul-2022 02:43:17,00:47:30,165,738703.080401393,738703.113392515
01-Jul-2022 05:15:00,01-Jul-2022 07:43:48,01-Jul-2022 06:15:00,01-Jul-2022 06:43:48,00:28:47,166,738703.260424356,738703.280417285
01-Jul-2022 07:00:36,01-Jul-2022 09:19:14,01-Jul-2022 08:00:36,01-Jul-2022 08:19:14,00:18:38,167,738703.333750148,738703.346696898
01-Jul-2022 12:10:16,01-Jul-2022 14:50:30,01-Jul-2022 13:10:16,01-Jul-2022 13:50:30,00:40:14,168,738703.548804861,738703.576745897
01-Jul-2022 14:33:16,01-Jul-2022 17:20:13,01-Jul-2022 15:33:16,01-Jul-2022 16:20:13,00:46:57,169,738703.648103663,738703.680708139
01-Jul-2022 20:10:56,01-Jul-2022 22:41:07,01-Jul-2022 21:10:56,01-Jul-2022 21:41:07,00:30:10,170,738703.882603063,738703.903556074
02-Jul-2022 00:49:52,02-Jul-2022 03:09:51,02-Jul-2022 01:49:52,02-Jul-2022 02:09:51,00:19:59,171,738704.076304141,738704.090182153
02-Jul-2022 02:09:14,02-Jul-2022 04:36:10,02-Jul-2022 03:09:14,02-Jul-2022 03:36:10,00:26:55,172,738704.131418412,738704.150121708
02-Jul-2022 03:53:34,02-Jul-2022 06:23:28,02-Jul-2022 04:53:34,02-Jul-2022 05:23:28,00:29:54,173,738704.203872385,738704.2246392
02-Jul-2022 07:05:09,02-Jul-2022 09:44:59,02-Jul-2022 08:05:09,02-Jul-2022 08:44:59,00:39:49,174,738704.336918418,738704.364579615
02-Jul-2022 08:25:00,02-Jul-2022 10:44:55,02-Jul-2022 09:25:00,02-Jul-2022 09:44:55,00:19:55,175,738704.392363193,738704.406197313
02-Jul-2022 16:51:13,02-Jul-2022 19:23:37,02-Jul-2022 17:51:13,02-Jul-2022 18:23:37,00:32:24,176,738704.743900476,738704.766410683
03-Jul-2022 07:05:13,03-Jul-2022 09:44:10,03-Jul-2022 08:05:13,03-Jul-2022 08:44:10,00:38:56,177,738705.336966426,738705.364010353
03-Jul-2022 14:05:26,03-Jul-2022 16:33:57,03-Jul-2022 15:05:26,03-Jul-2022 15:33:57,00:28:30,179,738705.628783521,738705.648586285
03-Jul-2022 19:25:07,03-Jul-2022 22:08:51,03-Jul-2022 20:25:07,03-Jul-2022 21:08:51,00:43:44,180,738705.850779897,738705.881153848
03-Jul-2022 21:58:36,04-Jul-2022 00:16:44,03-Jul-2022 22:58:36,03-Jul-2022 23:16:44,00:18:08,181,738705.957365543,738705.969960733
04-Jul-2022 07:10:01,04-Jul-2022 09:27:59,04-Jul-2022 08:10:01,04-Jul-2022 08:27:59,00:17:57,182,738706.340299689,738706.352771936
04-Jul-2022 08:54:30,04-Jul-2022 11:32:17,04-Jul-2022 09:54:30,04-Jul-2022 10:32:17,00:37:46,183,738706.412855451,738706.439086617
04-Jul-2022 10:50:10,04-Jul-2022 13:13:54,04-Jul-2022 11:50:10,04-Jul-2022 12:13:54,00:23:44,184,738706.493177459,738706.509661177
04-Jul-2022 13:18:15,04-Jul-2022 15:38:19,04-Jul-2022 14:18:15,04-Jul-2022 14:38:19,00:20:03,185,738706.59601811,738706.60994324
04-Jul-2022 16:42:30,04-Jul-2022 19:23:49,04-Jul-2022 17:42:30,04-Jul-2022 18:23:49,00:41:18,186,738706.737858366,738706.766540013
04-Jul-2022 20:28:28,04-Jul-2022 23:17:43,04-Jul-2022 21:28:28,04-Jul-2022 22:17:43,00:49:15,187,738706.894771694,738706.928976315
04-Jul-2022 22:47:36,05-Jul-2022 01:03:20,04-Jul-2022 23:47:36,05-Jul-2022 00:03:20,00:15:43,188,738706.991400022,738707.002319359
05-Jul-2022 07:15:58,05-Jul-2022 09:48:28,05-Jul-2022 08:15:58,05-Jul-2022 08:48:28,00:32:29,189,738707.344422563,738707.366991423
05-Jul-2022 09:40:41,05-Jul-2022 12:06:54,05-Jul-2022 10:40:41,05-Jul-2022 11:06:54,00:26:12,190,738707.444929112,738707.463133175
06-Jul-2022 13:52:52,06-Jul-2022 16:16:56,06-Jul-2022 14:52:52,06-Jul-2022 15:16:56,00:24:04,192,738708.620046488,738708.63676091
06-Jul-2022 16:28:18,06-Jul-2022 19:02:36,06-Jul-2022 17:28:18,06-Jul-2022 18:02:36,00:34:17,193,738708.727995063,738708.75180747
07-Jul-2022 05:30:01,07-Jul-2022 08:16:42,07-Jul-2022 06:30:01,07-Jul-2022 07:16:42,00:46:40,194,738709.270855032,738709.303271611
07-Jul-2022 08:40:07,07-Jul-2022 10:54:48,07-Jul-2022 09:40:07,07-Jul-2022 09:54:48,00:14:40,195,738709.40286895,738709.413062729
07-Jul-2022 14:42:22,07-Jul-2022 16:59:03,07-Jul-2022 15:42:22,07-Jul-2022 15:59:03,00:16:40,196,738709.65442404,738709.666008461
07-Jul-2022 15:34:12,07-Jul-2022 18:08:34,07-Jul-2022 16:34:12,07-Jul-2022 17:08:34,00:34:22,197,738709.690416896,738709.714290118
07-Jul-2022 18:41:43,07-Jul-2022 21:13:55,07-Jul-2022 19:41:43,07-Jul-2022 20:13:55,00:32:11,198,738709.820648101,738709.843004193
07-Jul-2022 23:45:51,08-Jul-2022 02:19:59,08-Jul-2022 00:45:51,08-Jul-2022 01:19:59,00:34:08,199,738710.031843673,738710.055555077
08-Jul-2022 05:45:07,08-Jul-2022 08:13:12,08-Jul-2022 06:45:07,08-Jul-2022 07:13:12,00:28:05,200,738710.281331691,738710.300838365
08-Jul-2022 08:20:46,08-Jul-2022 10:58:47,08-Jul-2022 09:20:46,08-Jul-2022 09:58:47,00:38:01,201,738710.3894269,738710.415828988
08-Jul-2022 10:55:10,08-Jul-2022 13:19:13,08-Jul-2022 11:55:10,08-Jul-2022 12:19:13,00:24:03,202,738710.496650652,738710.513352969
08-Jul-2022 17:06:05,08-Jul-2022 20:11:17,08-Jul-2022 18:06:05,08-Jul-2022 19:11:17,01:05:11,203,738710.754232417,738710.799503644
09-Jul-2022 03:56:25,09-Jul-2022 06:37:29,09-Jul-2022 04:56:25,09-Jul-2022 05:37:29,00:41:04,204,738711.205851032,738711.234374773
09-Jul-2022 05:56:24,09-Jul-2022 08:30:42,09-Jul-2022 06:56:24,09-Jul-2022 07:30:42,00:34:18,205,738711.289167252,738711.312997115
09-Jul-2022 07:10:01,09-Jul-2022 10:19:51,09-Jul-2022 08:10:01,09-Jul-2022 09:19:51,01:09:49,206,738711.340299324,738711.388794086
09-Jul-2022 08:56:59,09-Jul-2022 11:23:57,09-Jul-2022 09:56:59,09-Jul-2022 10:23:57,00:26:57,207,738711.414581165,738711.433303653
09-Jul-2022 10:15:13,09-Jul-2022 13:23:57,09-Jul-2022 11:15:13,09-Jul-2022 12:23:57,01:08:44,208,738711.468905136,738711.516637236
09-Jul-2022 14:58:37,09-Jul-2022 18:15:30,09-Jul-2022 15:58:37,09-Jul-2022 17:15:30,01:16:52,209,738711.665717448,738711.719100872
09-Jul-2022 17:46:15,09-Jul-2022 20:26:10,09-Jul-2022 18:46:15,09-Jul-2022 19:26:10,00:39:54,210,738711.782124696,738711.809840123
09-Jul-2022 20:26:57,09-Jul-2022 22:48:14,09-Jul-2022 21:26:57,09-Jul-2022 21:48:14,00:21:16,211,738711.893724406,738711.908503411
09-Jul-2022 21:19:35,10-Jul-2022 00:04:45,09-Jul-2022 22:19:35,09-Jul-2022 23:04:45,00:45:09,212,738711.930274141,738711.961639863
09-Jul-2022 23:35:14,10-Jul-2022 02:45:23,10-Jul-2022 00:35:14,10-Jul-2022 01:45:23,01:10:08,213,738712.024478865,738712.073186601
10-Jul-2022 02:08:16,10-Jul-2022 04:37:42,10-Jul-2022 03:08:16,10-Jul-2022 03:37:42,00:29:26,214,738712.130741685,738712.151183716
10-Jul-2022 10:25:33,10-Jul-2022 13:02:59,10-Jul-2022 11:25:33,10-Jul-2022 12:02:59,00:37:26,215,738712.476076406,738712.502075232
10-Jul-2022 13:49:11,10-Jul-2022 16:23:22,10-Jul-2022 14:49:11,10-Jul-2022 15:23:22,00:34:10,216,738712.617493984,738712.641231843
10-Jul-2022 15:49:41,10-Jul-2022 19:27:30,10-Jul-2022 16:49:41,10-Jul-2022 18:27:30,01:37:49,217,738712.701169041,738712.769106561
10-Jul-2022 21:10:01,10-Jul-2022 23:51:04,10-Jul-2022 22:10:01,10-Jul-2022 22:51:04,00:41:02,218,738712.923632549,738712.95213244
10-Jul-2022 22:45:10,11-Jul-2022 01:44:54,10-Jul-2022 23:45:10,11-Jul-2022 00:44:54,00:59:44,219,738712.989702812,738713.031190031
11-Jul-2022 13:51:19,11-Jul-2022 16:21:58,11-Jul-2022 14:51:19,11-Jul-2022 15:21:58,00:30:38,220,738713.618981304,738713.6402556
11-Jul-2022 17:31:51,11-Jul-2022 19:44:39,11-Jul-2022 18:31:51,11-Jul-2022 18:44:39,00:12:48,221,738713.772118621,738713.781009088
11-Jul-2022 21:00:01,11-Jul-2022 23:33:30,11-Jul-2022 22:00:01,11-Jul-2022 22:33:30,00:33:28,222,738713.916688041,738713.939938742
12-Jul-2022 00:54:39,12-Jul-2022 03:10:17,12-Jul-2022 01:54:39,12-Jul-2022 02:10:17,00:15:38,223,738714.079620694,738714.090484252
12-Jul-2022 03:18:42,12-Jul-2022 06:19:59,12-Jul-2022 04:18:42,12-Jul-2022 05:19:59,01:01:16,224,738714.179663032,738714.222219114
12-Jul-2022 11:40:01,12-Jul-2022 14:02:52,12-Jul-2022 12:40:01,12-Jul-2022 13:02:52,00:22:50,225,738714.52779911,738714.543662926
12-Jul-2022 17:54:26,12-Jul-2022 20:16:04,12-Jul-2022 18:54:26,12-Jul-2022 19:16:04,00:21:37,226,738714.787812392,738714.802828209
12-Jul-2022 20:20:24,12-Jul-2022 22:53:26,12-Jul-2022 21:20:24,12-Jul-2022 21:53:26,00:33:02,227,738714.889169962,738714.912112442
13-Jul-2022 02:40:01,13-Jul-2022 05:20:57,13-Jul-2022 03:40:01,13-Jul-2022 04:20:57,00:40:56,229,738715.152790302,738715.18121914
13-Jul-2022 11:48:58,13-Jul-2022 14:18:02,13-Jul-2022 12:48:58,13-Jul-2022 13:18:02,00:29:03,230,738715.534015094,738715.554193432
13-Jul-2022 17:40:54,13-Jul-2022 20:27:00,13-Jul-2022 18:40:54,13-Jul-2022 19:27:00,00:46:06,231,738715.778405386,738715.810425468
14-Jul-2022 02:17:25,14-Jul-2022 05:06:02,14-Jul-2022 03:17:25,14-Jul-2022 04:06:02,00:48:37,232,738716.137100704,738716.170864129
14-Jul-2022 03:38:07,14-Jul-2022 05:52:04,14-Jul-2022 04:38:07,14-Jul-2022 04:52:04,00:13:57,233,738716.19314472,738716.202832418
14-Jul-2022 04:23:49,14-Jul-2022 06:47:07,14-Jul-2022 05:23:49,14-Jul-2022 05:47:07,00:23:17,234,738716.224881655,738716.241057109
14-Jul-2022 11:30:01,14-Jul-2022 14:00:31,14-Jul-2022 12:30:01,14-Jul-2022 13:00:31,00:30:29,235,738716.520854528,738716.542027315
15-Jul-2022 00:00:01,15-Jul-2022 03:01:55,15-Jul-2022 01:00:01,15-Jul-2022 02:01:55,01:01:53,236,738717.041687826,738717.084669915
15-Jul-2022 04:20:03,15-Jul-2022 06:41:28,15-Jul-2022 05:20:03,15-Jul-2022 05:41:28,00:21:25,237,738717.222260138,738717.237138346
15-Jul-2022 14:47:50,15-Jul-2022 17:28:28,15-Jul-2022 15:47:50,15-Jul-2022 16:28:28,00:40:38,238,738717.658227194,738717.686446667
15-Jul-2022 18:24:27,15-Jul-2022 20:56:53,15-Jul-2022 19:24:27,15-Jul-2022 19:56:53,00:32:25,239,738717.808647326,738717.831169786
15-Jul-2022 20:49:47,15-Jul-2022 23:12:30,15-Jul-2022 21:49:47,15-Jul-2022 22:12:30,00:22:43,240,738717.909575815,738717.925353112
16-Jul-2022 00:15:02,16-Jul-2022 02:49:52,16-Jul-2022 01:15:02,16-Jul-2022 01:49:52,00:34:49,241,738718.052114199,738718.076301156
16-Jul-2022 02:30:01,16-Jul-2022 05:29:34,16-Jul-2022 03:30:01,16-Jul-2022 04:29:34,00:59:32,242,738718.145854415,738718.187206955
16-Jul-2022 07:10:02,16-Jul-2022 09:44:59,16-Jul-2022 08:10:02,16-Jul-2022 08:44:59,00:34:57,244,738718.340304307,738718.364578518
16-Jul-2022 10:05:04,16-Jul-2022 12:44:22,16-Jul-2022 11:05:04,16-Jul-2022 11:44:22,00:39:17,245,738718.461859997,738718.489144315
16-Jul-2022 13:48:21,16-Jul-2022 16:29:50,16-Jul-2022 14:48:21,16-Jul-2022 15:29:50,00:41:29,246,738718.616911574,738718.645722762
16-Jul-2022 20:10:11,16-Jul-2022 22:45:17,16-Jul-2022 21:10:11,16-Jul-2022 21:45:17,00:35:05,247,738718.882079127,738718.90644704
17-Jul-2022 01:40:01,17-Jul-2022 04:34:59,17-Jul-2022 02:40:01,17-Jul-2022 03:34:59,00:54:58,248,738719.111132128,738719.149304754
17-Jul-2022 05:25:21,17-Jul-2022 07:52:06,17-Jul-2022 06:25:21,17-Jul-2022 06:52:06,00:26:44,249,738719.267614345,738719.286180719
17-Jul-2022 08:35:43,17-Jul-2022 10:55:57,17-Jul-2022 09:35:43,17-Jul-2022 09:55:57,00:20:14,250,738719.399808223,738719.413864401
17-Jul-2022 12:49:20,17-Jul-2022 15:22:52,17-Jul-2022 13:49:20,17-Jul-2022 14:22:52,00:33:32,251,738719.575926231,738719.599214656
17-Jul-2022 20:18:02,17-Jul-2022 22:42:00,17-Jul-2022 21:18:02,17-Jul-2022 21:42:00,00:23:58,252,738719.887533489,738719.904178035
18-Jul-2022 17:19:51,18-Jul-2022 19:45:44,18-Jul-2022 18:19:51,18-Jul-2022 18:45:44,00:25:52,253,738720.763790364,738720.781764388
19-Jul-2022 03:33:22,19-Jul-2022 05:59:59,19-Jul-2022 04:33:22,19-Jul-2022 04:59:59,00:26:37,255,738721.189840117,738721.208331584
19-Jul-2022 14:15:16,19-Jul-2022 16:45:40,19-Jul-2022 15:15:16,19-Jul-2022 15:45:40,00:30:23,257,738721.635604458,738721.656713956
19-Jul-2022 20:00:01,19-Jul-2022 22:59:50,19-Jul-2022 21:00:01,19-Jul-2022 21:59:50,00:59:48,258,738721.875020822,738721.916555687
19-Jul-2022 22:10:01,20-Jul-2022 00:33:00,19-Jul-2022 23:10:01,19-Jul-2022 23:33:00,00:22:58,259,738721.965298594,738721.98125526
20-Jul-2022 07:05:45,20-Jul-2022 09:19:41,20-Jul-2022 08:05:45,20-Jul-2022 08:19:41,00:13:56,260,738722.337329041,738722.347013754
20-Jul-2022 10:00:01,20-Jul-2022 12:47:09,20-Jul-2022 11:00:01,20-Jul-2022 11:47:09,00:47:07,261,738722.458354115,738722.491078713
20-Jul-2022 19:16:00,20-Jul-2022 21:36:13,20-Jul-2022 20:16:00,20-Jul-2022 20:36:13,00:20:12,262,738722.844454948,738722.858486386
20-Jul-2022 21:45:19,21-Jul-2022 00:02:42,20-Jul-2022 22:45:19,20-Jul-2022 23:02:42,00:17:23,263,738722.948145485,738722.96021742
21-Jul-2022 00:47:29,21-Jul-2022 03:22:22,21-Jul-2022 01:47:29,21-Jul-2022 02:22:22,00:34:52,264,738723.07464787,738723.098867513
21-Jul-2022 05:06:35,21-Jul-2022 08:08:21,21-Jul-2022 06:06:35,21-Jul-2022 07:08:21,01:01:45,265,738723.254580666,738723.297468268
21-Jul-2022 08:10:01,21-Jul-2022 10:45:48,21-Jul-2022 09:10:01,21-Jul-2022 09:45:48,00:35:46,266,738723.381965159,738723.406805628
21-Jul-2022 10:30:01,21-Jul-2022 13:12:31,21-Jul-2022 11:30:01,21-Jul-2022 12:12:31,00:42:30,267,738723.479187373,738723.508701811
21-Jul-2022 15:10:01,21-Jul-2022 17:59:59,21-Jul-2022 16:10:01,21-Jul-2022 16:59:59,00:49:57,268,738723.673631803,738723.708330592
21-Jul-2022 17:40:23,21-Jul-2022 20:06:17,21-Jul-2022 18:40:23,21-Jul-2022 19:06:17,00:25:54,269,738723.778050467,738723.796039422
21-Jul-2022 20:17:46,21-Jul-2022 22:58:00,21-Jul-2022 21:17:46,21-Jul-2022 21:58:00,00:40:14,270,738723.887340639,738723.915280644
21-Jul-2022 23:35:18,22-Jul-2022 02:19:53,22-Jul-2022 00:35:18,22-Jul-2022 01:19:53,00:44:35,271,738724.024523803,738724.055485469
22-Jul-2022 03:30:00,22-Jul-2022 05:46:36,22-Jul-2022 04:30:00,22-Jul-2022 04:46:36,00:16:35,272,738724.187505936,738724.199030104
22-Jul-2022 05:15:50,22-Jul-2022 07:59:58,22-Jul-2022 06:15:50,22-Jul-2022 06:59:58,00:44:08,273,738724.261003382,738724.291654658
22-Jul-2022 07:58:44,22-Jul-2022 10:59:53,22-Jul-2022 08:58:44,22-Jul-2022 09:59:53,01:01:08,274,738724.374129528,738724.416590804
22-Jul-2022 18:41:12,22-Jul-2022 21:04:16,22-Jul-2022 19:41:12,22-Jul-2022 20:04:16,00:23:03,276,738724.820287756,738724.836297976
22-Jul-2022 20:55:36,22-Jul-2022 23:58:16,22-Jul-2022 21:55:36,22-Jul-2022 22:58:16,01:02:39,277,738724.913620294,738724.957134835
23-Jul-2022 00:49:10,23-Jul-2022 03:37:18,23-Jul-2022 01:49:10,23-Jul-2022 02:37:18,00:48:07,278,738725.075816536,738725.109237617
23-Jul-2022 05:22:04,23-Jul-2022 08:15:57,23-Jul-2022 06:22:04,23-Jul-2022 07:15:57,00:53:52,280,738725.265330164,738725.302747912
23-Jul-2022 07:48:36,23-Jul-2022 10:44:47,23-Jul-2022 08:48:36,23-Jul-2022 09:44:47,00:56:10,281,738725.367090748,738725.4061025
23-Jul-2022 12:51:08,23-Jul-2022 15:11:21,23-Jul-2022 13:51:08,23-Jul-2022 14:11:21,00:20:12,282,738725.577182803,738725.591218635
23-Jul-2022 15:04:34,23-Jul-2022 17:45:20,23-Jul-2022 16:04:34,23-Jul-2022 16:45:20,00:40:46,283,738725.669844494,738725.698158044
23-Jul-2022 16:57:30,23-Jul-2022 19:54:18,23-Jul-2022 17:57:30,23-Jul-2022 18:54:18,00:56:48,284,738725.748267692,738725.787712671
23-Jul-2022 20:40:28,23-Jul-2022 23:54:47,23-Jul-2022 21:40:28,23-Jul-2022 22:54:47,01:14:18,285,738725.903110729,738725.954710884
24-Jul-2022 04:25:01,24-Jul-2022 07:04:59,24-Jul-2022 05:25:01,24-Jul-2022 06:04:59,00:39:58,286,738726.225713455,738726.253471288
24-Jul-2022 11:40:10,24-Jul-2022 13:59:59,24-Jul-2022 12:40:10,24-Jul-2022 12:59:59,00:19:48,287,738726.527895721,738726.541657033
24-Jul-2022 13:23:02,24-Jul-2022 15:39:44,24-Jul-2022 14:23:02,24-Jul-2022 14:39:44,00:16:42,288,738726.599337047,738726.610937247
25-Jul-2022 03:58:38,25-Jul-2022 06:54:59,25-Jul-2022 04:58:38,25-Jul-2022 05:54:59,00:56:21,289,738727.207393526,738727.24652633
25-Jul-2022 09:41:01,25-Jul-2022 12:14:59,25-Jul-2022 10:41:01,25-Jul-2022 11:14:59,00:33:58,290,738727.445150567,738727.468748589
25-Jul-2022 12:54:30,25-Jul-2022 15:26:45,25-Jul-2022 13:54:30,25-Jul-2022 14:26:45,00:32:15,291,738727.579523372,738727.601920117
25-Jul-2022 23:16:59,26-Jul-2022 01:44:40,26-Jul-2022 00:16:59,26-Jul-2022 00:44:40,00:27:40,292,738728.011801356,738728.031023422
26-Jul-2022 02:26:15,26-Jul-2022 05:11:51,26-Jul-2022 03:26:15,26-Jul-2022 04:11:51,00:45:36,293,738728.143235351,738728.174904638
26-Jul-2022 04:23:46,26-Jul-2022 06:44:18,26-Jul-2022 05:23:46,26-Jul-2022 05:44:18,00:20:32,294,738728.224842984,738728.239108612
26-Jul-2022 09:28:10,26-Jul-2022 12:09:11,26-Jul-2022 10:28:10,26-Jul-2022 11:09:11,00:41:00,295,738728.436233843,738728.464715589
26-Jul-2022 15:15:00,26-Jul-2022 17:28:23,26-Jul-2022 16:15:00,26-Jul-2022 16:28:23,00:13:23,296,738728.677084704,738728.686387626
26-Jul-2022 16:40:00,26-Jul-2022 19:30:01,26-Jul-2022 17:40:00,26-Jul-2022 18:30:01,00:50:00,297,738728.736121867,738728.770853655
27-Jul-2022 00:40:32,27-Jul-2022 03:25:37,27-Jul-2022 01:40:32,27-Jul-2022 02:25:37,00:45:05,298,738729.069818988,738729.101127465
27-Jul-2022 03:05:13,27-Jul-2022 06:02:31,27-Jul-2022 04:05:13,27-Jul-2022 05:02:31,00:57:18,299,738729.170290044,738729.210092469
27-Jul-2022 05:30:01,27-Jul-2022 08:48:51,27-Jul-2022 06:30:01,27-Jul-2022 07:48:51,01:18:49,300,738729.27085362,738729.325597588
27-Jul-2022 09:12:06,27-Jul-2022 12:26:25,27-Jul-2022 10:12:06,27-Jul-2022 11:26:25,01:14:19,301,738729.425071953,738729.476689268
27-Jul-2022 13:23:23,27-Jul-2022 16:44:28,27-Jul-2022 14:23:23,27-Jul-2022 15:44:28,01:21:05,302,738729.599576423,738729.655890008
27-Jul-2022 18:22:30,27-Jul-2022 21:00:13,27-Jul-2022 19:22:30,27-Jul-2022 20:00:13,00:37:43,303,738729.807292167,738729.833485262
27-Jul-2022 23:56:54,28-Jul-2022 02:27:06,28-Jul-2022 00:56:54,28-Jul-2022 01:27:06,00:30:11,304,738730.039522848,738730.060488657
28-Jul-2022 01:52:46,28-Jul-2022 04:26:38,28-Jul-2022 02:52:46,28-Jul-2022 03:26:38,00:33:51,305,738730.119979964,738730.143497665
28-Jul-2022 04:45:01,28-Jul-2022 07:12:13,28-Jul-2022 05:45:01,28-Jul-2022 06:12:13,00:27:12,306,738730.2395962,738730.258488178
28-Jul-2022 06:30:01,28-Jul-2022 09:27:36,28-Jul-2022 07:30:01,28-Jul-2022 08:27:36,00:57:34,307,738730.312520214,738730.352507818
28-Jul-2022 13:40:56,28-Jul-2022 16:15:43,28-Jul-2022 14:40:56,28-Jul-2022 15:15:43,00:34:47,308,738730.611769465,738730.635925484
28-Jul-2022 17:24:42,28-Jul-2022 20:06:30,28-Jul-2022 18:24:42,28-Jul-2022 19:06:30,00:41:48,309,738730.767159357,738730.796188997
28-Jul-2022 20:30:01,28-Jul-2022 23:10:58,28-Jul-2022 21:30:01,28-Jul-2022 22:10:58,00:40:57,310,738730.895853507,738730.924293023
29-Jul-2022 03:15:00,29-Jul-2022 05:45:45,29-Jul-2022 04:15:00,29-Jul-2022 04:45:45,00:30:45,311,738731.177084839,738731.198439974
29-Jul-2022 05:25:04,29-Jul-2022 08:43:25,29-Jul-2022 06:25:04,29-Jul-2022 07:43:25,01:18:20,312,738731.267415137,738731.32181914
29-Jul-2022 09:45:27,29-Jul-2022 12:14:59,29-Jul-2022 10:45:27,29-Jul-2022 11:14:59,00:29:31,313,738731.448238618,738731.468738925
29-Jul-2022 15:00:01,29-Jul-2022 17:45:34,29-Jul-2022 16:00:01,29-Jul-2022 16:45:34,00:45:32,314,738731.666686785,738731.698313621
29-Jul-2022 17:25:06,29-Jul-2022 20:31:16,29-Jul-2022 18:25:06,29-Jul-2022 19:31:16,01:06:09,315,738731.767435639,738731.813383488
29-Jul-2022 21:16:37,30-Jul-2022 00:55:47,29-Jul-2022 22:16:37,29-Jul-2022 23:55:47,01:39:10,316,738731.92821119,738731.997078746
30-Jul-2022 00:37:01,30-Jul-2022 02:59:30,30-Jul-2022 01:37:01,30-Jul-2022 01:59:30,00:22:29,318,738732.067376368,738732.082990956
30-Jul-2022 03:12:00,30-Jul-2022 05:43:12,30-Jul-2022 04:12:00,30-Jul-2022 04:43:12,00:31:12,319,738732.175000772,738732.196674002
30-Jul-2022 05:50:45,30-Jul-2022 08:11:18,30-Jul-2022 06:50:45,30-Jul-2022 07:11:18,00:20:32,320,738732.285252698,738732.29951884
30-Jul-2022 16:55:35,30-Jul-2022 19:22:13,30-Jul-2022 17:55:35,30-Jul-2022 18:22:13,00:26:37,321,738732.746939286,738732.765429074
30-Jul-2022 20:29:52,30-Jul-2022 23:07:42,30-Jul-2022 21:29:52,30-Jul-2022 22:07:42,00:37:49,322,738732.895745869,738732.922016246
30-Jul-2022 22:36:44,31-Jul-2022 01:00:03,30-Jul-2022 23:36:44,31-Jul-2022 00:00:03,00:23:19,323,738732.983850099,738733.000045178
31-Jul-2022 00:25:07,31-Jul-2022 02:49:22,31-Jul-2022 01:25:07,31-Jul-2022 01:49:22,00:24:14,324,738733.059114828,738733.075949467
31-Jul-2022 02:25:06,31-Jul-2022 04:52:22,31-Jul-2022 03:25:06,31-Jul-2022 03:52:22,00:27:16,325,738733.142432013,738733.161367995
31-Jul-2022 06:00:01,31-Jul-2022 08:38:02,31-Jul-2022 07:00:01,31-Jul-2022 07:38:02,00:38:00,326,738733.29168667,738733.318084919
31-Jul-2022 10:19:03,31-Jul-2022 13:04:43,31-Jul-2022 11:19:03,31-Jul-2022 12:04:43,00:45:39,327,738733.471566141,738733.503277147
31-Jul-2022 11:41:16,31-Jul-2022 14:06:16,31-Jul-2022 12:41:16,31-Jul-2022 13:06:16,00:25:00,328,738733.528657585,738733.546020988
31-Jul-2022 14:51:00,31-Jul-2022 17:33:43,31-Jul-2022 15:51:00,31-Jul-2022 16:33:43,00:42:42,329,738733.660423908,738733.690084115
31-Jul-2022 20:30:01,31-Jul-2022 23:11:57,31-Jul-2022 21:30:01,31-Jul-2022 22:11:57,00:41:56,330,738733.895853291,738733.924976429
01-Aug-2022 00:26:06,01-Aug-2022 02:57:31,01-Aug-2022 01:26:06,01-Aug-2022 01:57:31,00:31:25,331,738734.059792827,738734.08161913
01-Aug-2022 04:02:06,01-Aug-2022 06:51:52,01-Aug-2022 05:02:06,01-Aug-2022 05:51:52,00:49:46,332,738734.209793378,738734.244354264
01-Aug-2022 05:37:22,01-Aug-2022 08:05:23,01-Aug-2022 06:37:22,01-Aug-2022 07:05:23,00:28:00,333,738734.275955811,738734.295411049
01-Aug-2022 09:12:28,01-Aug-2022 11:33:27,01-Aug-2022 10:12:28,01-Aug-2022 10:33:27,00:20:58,334,738734.425324662,738734.439896235
01-Aug-2022 23:30:01,02-Aug-2022 01:47:42,02-Aug-2022 00:30:01,02-Aug-2022 00:47:42,00:17:40,336,738735.020853206,738735.033125289
02-Aug-2022 05:10:01,02-Aug-2022 07:25:20,02-Aug-2022 06:10:01,02-Aug-2022 06:25:20,00:15:18,337,738735.2569643,738735.26759906
02-Aug-2022 08:00:32,02-Aug-2022 10:43:05,02-Aug-2022 09:00:32,02-Aug-2022 09:43:05,00:42:32,338,738735.375381757,738735.404921287
02-Aug-2022 10:19:44,02-Aug-2022 13:18:31,02-Aug-2022 11:19:44,02-Aug-2022 12:18:31,00:58:46,339,738735.47204678,738735.512865913
02-Aug-2022 18:15:36,02-Aug-2022 21:05:55,02-Aug-2022 19:15:36,02-Aug-2022 20:05:55,00:50:19,340,738735.802508002,738735.837453463
02-Aug-2022 21:58:58,03-Aug-2022 00:43:28,02-Aug-2022 22:58:58,02-Aug-2022 23:43:28,00:44:30,341,738735.957616003,738735.988525939
03-Aug-2022 03:17:21,03-Aug-2022 05:33:05,03-Aug-2022 04:17:21,03-Aug-2022 04:33:05,00:15:44,342,738736.178715485,738736.189652496
03-Aug-2022 05:10:09,03-Aug-2022 07:58:38,03-Aug-2022 06:10:09,03-Aug-2022 06:58:38,00:48:28,343,738736.257057615,738736.290721206
03-Aug-2022 09:15:02,03-Aug-2022 11:36:03,03-Aug-2022 10:15:02,03-Aug-2022 10:36:03,00:21:01,344,738736.427109798,738736.441709116
03-Aug-2022 11:00:10,03-Aug-2022 13:18:12,03-Aug-2022 12:00:10,03-Aug-2022 12:18:12,00:18:01,345,738736.500126395,738736.512644816
03-Aug-2022 12:40:01,03-Aug-2022 15:34:37,03-Aug-2022 13:40:01,03-Aug-2022 14:34:37,00:54:35,346,738736.569464202,738736.607376007
03-Aug-2022 21:30:01,04-Aug-2022 00:21:45,03-Aug-2022 22:30:01,03-Aug-2022 23:21:45,00:51:43,347,738736.937519731,738736.973444788
04-Aug-2022 01:30:01,04-Aug-2022 03:48:16,04-Aug-2022 02:30:01,04-Aug-2022 02:48:16,00:18:14,348,738737.104186387,738737.116858515
04-Aug-2022 04:26:41,04-Aug-2022 06:48:13,04-Aug-2022 05:26:41,04-Aug-2022 05:48:13,00:21:32,349,738737.22686977,738737.241824678
04-Aug-2022 06:20:39,04-Aug-2022 08:56:37,04-Aug-2022 07:20:39,04-Aug-2022 07:56:37,00:35:58,350,738737.30600772,738737.330988928
04-Aug-2022 09:10:01,04-Aug-2022 12:03:44,04-Aug-2022 10:10:01,04-Aug-2022 11:03:44,00:53:43,351,738737.423630807,738737.460935054
04-Aug-2022 14:16:16,04-Aug-2022 17:04:52,04-Aug-2022 15:16:16,04-Aug-2022 16:04:52,00:48:36,352,738737.63630253,738737.670053495
04-Aug-2022 18:10:32,04-Aug-2022 20:44:20,04-Aug-2022 19:10:32,04-Aug-2022 19:44:20,00:33:48,353,738737.798984003,738737.82246412
05-Aug-2022 03:42:19,05-Aug-2022 06:02:53,05-Aug-2022 04:42:19,05-Aug-2022 05:02:53,00:20:34,354,738738.196057091,738738.210342463
05-Aug-2022 10:05:02,05-Aug-2022 12:37:15,05-Aug-2022 11:05:02,05-Aug-2022 11:37:15,00:32:12,355,738738.461838566,738738.484206676
05-Aug-2022 13:27:11,05-Aug-2022 15:53:29,05-Aug-2022 14:27:11,05-Aug-2022 14:53:29,00:26:18,356,738738.602212453,738738.62047744
05-Aug-2022 17:05:25,05-Aug-2022 19:42:37,05-Aug-2022 18:05:25,05-Aug-2022 18:42:37,00:37:11,357,738738.753770213,738738.779603055
05-Aug-2022 20:03:03,05-Aug-2022 23:20:39,05-Aug-2022 21:03:03,05-Aug-2022 22:20:39,01:17:36,358,738738.877124492,738738.931016562
06-Aug-2022 00:05:49,06-Aug-2022 02:46:36,06-Aug-2022 01:05:49,06-Aug-2022 01:46:36,00:40:46,359,738739.045712002,738739.074033219
06-Aug-2022 02:21:58,06-Aug-2022 04:59:59,06-Aug-2022 03:21:58,06-Aug-2022 03:59:59,00:38:00,360,738739.140260931,738739.16665881
06-Aug-2022 08:30:43,06-Aug-2022 10:54:54,06-Aug-2022 09:30:43,06-Aug-2022 09:54:54,00:24:11,363,738739.39633561,738739.413134703
06-Aug-2022 17:54:37,06-Aug-2022 20:30:28,06-Aug-2022 18:54:37,06-Aug-2022 19:30:28,00:35:51,364,738739.787928571,738739.812831759
06-Aug-2022 21:06:26,07-Aug-2022 00:04:34,06-Aug-2022 22:06:26,06-Aug-2022 23:04:34,00:58:08,365,738739.921136783,738739.961508769
07-Aug-2022 00:02:57,07-Aug-2022 02:50:11,07-Aug-2022 01:02:57,07-Aug-2022 01:50:11,00:47:14,366,738740.043722741,738740.076526343
07-Aug-2022 02:50:18,07-Aug-2022 05:23:29,07-Aug-2022 03:50:18,07-Aug-2022 04:23:29,00:33:10,367,738740.159938052,738740.182975362
07-Aug-2022 04:49:25,07-Aug-2022 07:19:59,07-Aug-2022 05:49:25,07-Aug-2022 06:19:59,00:30:34,368,738740.242653513,738740.263888422
07-Aug-2022 06:55:47,07-Aug-2022 09:24:28,07-Aug-2022 07:55:47,07-Aug-2022 08:24:28,00:28:41,369,738740.330410434,738740.350334057
07-Aug-2022 08:16:22,07-Aug-2022 12:01:16,07-Aug-2022 09:16:22,07-Aug-2022 11:01:16,01:44:54,370,738740.386373475,738740.459220825
07-Aug-2022 10:55:11,07-Aug-2022 13:23:55,07-Aug-2022 11:55:11,07-Aug-2022 12:23:55,00:28:44,371,738740.496655789,738740.516610211
07-Aug-2022 14:02:41,07-Aug-2022 16:31:47,07-Aug-2022 15:02:41,07-Aug-2022 15:31:47,00:29:06,372,738740.626863441,738740.647082901
07-Aug-2022 23:53:55,08-Aug-2022 02:15:38,08-Aug-2022 00:53:55,08-Aug-2022 01:15:38,00:21:42,373,738741.037450561,738741.0525286
08-Aug-2022 01:54:42,08-Aug-2022 04:37:11,08-Aug-2022 02:54:42,08-Aug-2022 03:37:11,00:42:29,374,738741.121323597,738741.15083104
08-Aug-2022 03:58:19,08-Aug-2022 06:45:34,08-Aug-2022 04:58:19,08-Aug-2022 05:45:34,00:47:14,375,738741.207175897,738741.239986042
08-Aug-2022 08:40:19,08-Aug-2022 11:09:33,08-Aug-2022 09:40:19,08-Aug-2022 10:09:33,00:29:13,377,738741.403005908,738741.423303519
08-Aug-2022 12:54:11,08-Aug-2022 15:21:30,08-Aug-2022 13:54:11,08-Aug-2022 14:21:30,00:27:18,378,738741.579294708,738741.598264297
08-Aug-2022 14:55:16,08-Aug-2022 17:33:07,08-Aug-2022 15:55:16,08-Aug-2022 16:33:07,00:37:50,379,738741.663384823,738741.68966904
08-Aug-2022 17:40:01,08-Aug-2022 19:52:30,08-Aug-2022 18:40:01,08-Aug-2022 18:52:30,00:12:28,380,738741.777797165,738741.786461485
08-Aug-2022 18:47:48,08-Aug-2022 21:02:43,08-Aug-2022 19:47:48,08-Aug-2022 20:02:43,00:14:55,381,738741.824861584,738741.835229103
08-Aug-2022 20:51:38,08-Aug-2022 23:55:32,08-Aug-2022 21:51:38,08-Aug-2022 22:55:32,01:03:53,382,738741.910862075,738741.95523355
09-Aug-2022 01:30:00,09-Aug-2022 03:50:33,09-Aug-2022 02:30:00,09-Aug-2022 02:50:33,00:20:33,384,738742.10417716,738742.118448275
09-Aug-2022 06:15:01,09-Aug-2022 09:13:18,09-Aug-2022 07:15:01,09-Aug-2022 08:13:18,00:58:17,386,738742.302097394,738742.342573103
09-Aug-2022 09:00:50,09-Aug-2022 12:09:58,09-Aug-2022 10:00:50,09-Aug-2022 11:09:58,01:09:07,387,738742.417255092,738742.465256578
09-Aug-2022 11:45:02,09-Aug-2022 14:00:15,09-Aug-2022 12:45:02,09-Aug-2022 13:00:15,00:15:13,388,738742.531276426,738742.541849697
09-Aug-2022 21:00:01,09-Aug-2022 23:25:53,09-Aug-2022 22:00:01,09-Aug-2022 22:25:53,00:25:52,390,738742.916685981,738742.934650178
09-Aug-2022 22:45:05,10-Aug-2022 01:00:41,09-Aug-2022 23:45:05,10-Aug-2022 00:00:41,00:15:35,391,738742.989646406,738743.000479623
10-Aug-2022 00:51:59,10-Aug-2022 03:59:23,10-Aug-2022 01:51:59,10-Aug-2022 02:59:23,01:07:24,392,738743.077771603,738743.124577388
10-Aug-2022 03:30:01,10-Aug-2022 06:11:07,10-Aug-2022 04:30:01,10-Aug-2022 05:11:07,00:41:05,393,738743.187519294,738743.216056887
10-Aug-2022 05:55:44,10-Aug-2022 08:18:32,10-Aug-2022 06:55:44,10-Aug-2022 07:18:32,00:22:48,394,738743.288705296,738743.304540741
10-Aug-2022 07:22:23,10-Aug-2022 10:00:12,10-Aug-2022 08:22:23,10-Aug-2022 09:00:12,00:37:49,395,738743.348878117,738743.375146894
10-Aug-2022 09:21:25,10-Aug-2022 11:55:39,10-Aug-2022 10:21:25,10-Aug-2022 10:55:39,00:34:13,396,738743.431547699,738743.45531955
10-Aug-2022 16:10:01,10-Aug-2022 18:46:54,10-Aug-2022 17:10:01,10-Aug-2022 17:46:54,00:36:53,397,738743.715297033,738743.740913859
10-Aug-2022 19:22:01,10-Aug-2022 22:09:22,10-Aug-2022 20:22:01,10-Aug-2022 21:09:22,00:47:21,398,738743.848626395,738743.881508671
11-Aug-2022 01:30:01,11-Aug-2022 04:50:46,11-Aug-2022 02:30:01,11-Aug-2022 03:50:46,01:20:44,399,738744.104185896,738744.160260401
11-Aug-2022 04:36:18,11-Aug-2022 07:30:56,11-Aug-2022 05:36:18,11-Aug-2022 06:30:56,00:54:37,400,738744.233552396,738744.271483931
11-Aug-2022 07:17:27,11-Aug-2022 09:49:26,11-Aug-2022 08:17:27,11-Aug-2022 08:49:26,00:31:58,401,738744.34546081,738744.367663672
11-Aug-2022 09:06:20,11-Aug-2022 11:34:36,11-Aug-2022 10:06:20,11-Aug-2022 10:34:36,00:28:16,402,738744.421067438,738744.440698306
11-Aug-2022 14:12:50,11-Aug-2022 17:02:12,11-Aug-2022 15:12:50,11-Aug-2022 16:02:12,00:49:22,403,738744.633912366,738744.668204227
11-Aug-2022 19:35:45,11-Aug-2022 22:59:32,11-Aug-2022 20:35:45,11-Aug-2022 21:59:32,01:23:46,404,738744.858166758,738744.91634905
11-Aug-2022 22:28:53,12-Aug-2022 01:00:25,11-Aug-2022 23:28:53,12-Aug-2022 00:00:25,00:31:32,405,738744.97839258,738745.000298268
12-Aug-2022 03:24:33,12-Aug-2022 05:40:19,12-Aug-2022 04:24:33,12-Aug-2022 04:40:19,00:15:45,407,738745.183717049,738745.194664538
12-Aug-2022 04:47:06,12-Aug-2022 07:22:14,12-Aug-2022 05:47:06,12-Aug-2022 06:22:14,00:35:07,408,738745.241052485,738745.265444581
12-Aug-2022 06:03:44,12-Aug-2022 09:44:59,12-Aug-2022 07:03:44,12-Aug-2022 08:44:59,01:41:15,409,738745.294268242,738745.364583199
12-Aug-2022 10:10:14,12-Aug-2022 12:44:31,12-Aug-2022 11:10:14,12-Aug-2022 11:44:31,00:34:16,410,738745.465451067,738745.489257133
12-Aug-2022 11:49:22,12-Aug-2022 14:00:39,12-Aug-2022 12:49:22,12-Aug-2022 13:00:39,00:11:17,411,738745.534282499,738745.542124935
12-Aug-2022 14:16:03,12-Aug-2022 16:36:12,12-Aug-2022 15:16:03,12-Aug-2022 15:36:12,00:20:08,412,738745.636153955,738745.650144377
12-Aug-2022 22:45:58,13-Aug-2022 01:24:21,12-Aug-2022 23:45:58,13-Aug-2022 00:24:21,00:38:23,414,738745.990256407,738746.016919645
13-Aug-2022 01:57:38,13-Aug-2022 04:32:58,13-Aug-2022 02:57:38,13-Aug-2022 03:32:58,00:35:19,415,738746.123362581,738746.147894765
13-Aug-2022 03:15:01,13-Aug-2022 05:38:58,13-Aug-2022 04:15:01,13-Aug-2022 04:38:58,00:23:57,416,738746.177098991,738746.193731051
13-Aug-2022 06:30:32,13-Aug-2022 09:02:37,13-Aug-2022 07:30:32,13-Aug-2022 08:02:37,00:32:05,417,738746.312873791,738746.335155723
13-Aug-2022 09:30:01,13-Aug-2022 11:43:05,13-Aug-2022 10:30:01,13-Aug-2022 10:43:05,00:13:04,418,738746.43751965,738746.446596348
13-Aug-2022 14:32:15,13-Aug-2022 17:21:02,13-Aug-2022 15:32:15,13-Aug-2022 16:21:02,00:48:47,419,738746.647399379,738746.681284484
13-Aug-2022 23:35:17,14-Aug-2022 02:14:53,14-Aug-2022 00:35:17,14-Aug-2022 01:14:53,00:39:35,420,738747.024510135,738747.0520054
14-Aug-2022 23:03:09,15-Aug-2022 01:48:45,15-Aug-2022 00:03:09,15-Aug-2022 00:48:45,00:45:35,423,738748.002193683,738748.033854957
15-Aug-2022 01:47:38,15-Aug-2022 05:08:55,15-Aug-2022 02:47:38,15-Aug-2022 04:08:55,01:21:16,424,738748.116423025,738748.172866188
15-Aug-2022 12:35:22,15-Aug-2022 15:23:06,15-Aug-2022 13:35:22,15-Aug-2022 14:23:06,00:47:44,425,738748.566233908,738748.599382843
15-Aug-2022 14:40:01,15-Aug-2022 17:09:57,15-Aug-2022 15:40:01,15-Aug-2022 16:09:57,00:29:56,426,738748.652796671,738748.673587498
15-Aug-2022 17:06:03,15-Aug-2022 19:37:23,15-Aug-2022 18:06:03,15-Aug-2022 18:37:23,00:31:20,427,738748.754205853,738748.775971938
15-Aug-2022 19:46:29,15-Aug-2022 22:14:35,15-Aug-2022 20:46:29,15-Aug-2022 21:14:35,00:28:06,428,738748.865617104,738748.88513749
15-Aug-2022 21:53:43,16-Aug-2022 00:25:11,15-Aug-2022 22:53:43,15-Aug-2022 23:25:11,00:31:28,429,738748.953975977,738748.975829191
15-Aug-2022 23:46:39,16-Aug-2022 02:02:57,16-Aug-2022 00:46:39,16-Aug-2022 01:02:57,00:16:18,430,738749.032401297,738749.043721453
16-Aug-2022 01:00:01,16-Aug-2022 03:23:35,16-Aug-2022 02:00:01,16-Aug-2022 02:23:35,00:23:34,431,738749.083352194,738749.099719296
16-Aug-2022 02:45:29,16-Aug-2022 05:25:21,16-Aug-2022 03:45:29,16-Aug-2022 04:25:21,00:39:51,432,738749.156593625,738749.184272926
16-Aug-2022 05:35:02,16-Aug-2022 07:48:35,16-Aug-2022 06:35:02,16-Aug-2022 06:48:35,00:13:32,433,738749.274335021,738749.283739233
16-Aug-2022 17:39:55,16-Aug-2022 20:14:09,16-Aug-2022 18:39:55,16-Aug-2022 19:14:09,00:34:14,434,738749.777724423,738749.801498848
16-Aug-2022 20:40:01,16-Aug-2022 22:58:05,16-Aug-2022 21:40:01,16-Aug-2022 21:58:05,00:18:03,435,738749.902796575,738749.915339553
16-Aug-2022 23:01:45,17-Aug-2022 01:16:41,17-Aug-2022 00:01:45,17-Aug-2022 00:16:41,00:14:55,436,738750.001226221,738750.011592286
17-Aug-2022 00:35:32,17-Aug-2022 03:11:08,17-Aug-2022 01:35:32,17-Aug-2022 02:11:08,00:35:36,437,738750.066344956,738750.091075916
17-Aug-2022 04:50:01,17-Aug-2022 07:14:59,17-Aug-2022 05:50:01,17-Aug-2022 06:14:59,00:24:58,438,738750.243075256,738750.260413274
17-Aug-2022 09:15:00,17-Aug-2022 11:34:59,17-Aug-2022 10:15:00,17-Aug-2022 10:34:59,00:19:58,440,738750.427092848,738750.440963438
18-Aug-2022 03:06:45,18-Aug-2022 05:21:50,18-Aug-2022 04:06:45,18-Aug-2022 04:21:50,00:15:04,441,738751.171360032,738751.181834286
18-Aug-2022 04:18:26,18-Aug-2022 07:00:52,18-Aug-2022 05:18:26,18-Aug-2022 06:00:52,00:42:26,442,738751.221140659,738751.250608659
18-Aug-2022 07:19:09,18-Aug-2022 09:51:07,18-Aug-2022 08:19:09,18-Aug-2022 08:51:07,00:31:58,443,738751.346632413,738751.368839325
18-Aug-2022 12:15:00,18-Aug-2022 14:29:47,18-Aug-2022 13:15:00,18-Aug-2022 13:29:47,00:14:47,444,738751.552083618,738751.562359036
18-Aug-2022 14:40:01,18-Aug-2022 17:01:29,18-Aug-2022 15:40:01,18-Aug-2022 16:01:29,00:21:27,445,738751.65279644,738751.66769866
18-Aug-2022 17:21:24,18-Aug-2022 19:36:12,18-Aug-2022 18:21:24,18-Aug-2022 18:36:12,00:14:47,446,738751.764869581,738751.775144877
19-Aug-2022 02:18:48,19-Aug-2022 04:56:57,19-Aug-2022 03:18:48,19-Aug-2022 03:56:57,00:38:08,447,738752.138062451,738752.164551294
19-Aug-2022 04:49:39,19-Aug-2022 08:04:33,19-Aug-2022 05:49:39,19-Aug-2022 07:04:33,01:14:54,448,738752.242813539,738752.294835788
19-Aug-2022 07:20:02,19-Aug-2022 10:12:06,19-Aug-2022 08:20:02,19-Aug-2022 09:12:06,00:52:04,449,738752.347254051,738752.383412453
19-Aug-2022 17:03:25,19-Aug-2022 19:45:40,19-Aug-2022 18:03:25,19-Aug-2022 18:45:40,00:42:14,450,738752.752383025,738752.781722135
19-Aug-2022 21:20:09,19-Aug-2022 23:54:14,19-Aug-2022 22:20:09,19-Aug-2022 22:54:14,00:34:05,451,738752.93066582,738752.954336616
19-Aug-2022 22:53:40,20-Aug-2022 01:30:21,19-Aug-2022 23:53:40,20-Aug-2022 00:30:21,00:36:40,452,738752.99561339,738753.021080145
20-Aug-2022 10:52:53,20-Aug-2022 13:33:52,20-Aug-2022 11:52:53,20-Aug-2022 12:33:52,00:40:59,455,738753.49506688,738753.523528367
20-Aug-2022 13:45:01,20-Aug-2022 16:03:21,20-Aug-2022 14:45:01,20-Aug-2022 15:03:21,00:18:19,456,738753.614598811,738753.627326459
20-Aug-2022 17:07:46,20-Aug-2022 20:06:24,20-Aug-2022 18:07:46,20-Aug-2022 19:06:24,00:58:38,457,738753.755394007,738753.796115094
20-Aug-2022 21:08:28,20-Aug-2022 23:37:56,20-Aug-2022 22:08:28,20-Aug-2022 22:37:56,00:29:28,458,738753.922551471,738753.943016638
21-Aug-2022 00:39:13,21-Aug-2022 02:52:36,21-Aug-2022 01:39:13,21-Aug-2022 01:52:36,00:13:23,459,738754.06890151,738754.078203644
21-Aug-2022 04:05:52,21-Aug-2022 06:19:47,21-Aug-2022 05:05:52,21-Aug-2022 05:19:47,00:13:55,460,738754.212414689,738754.22208109
21-Aug-2022 10:20:01,21-Aug-2022 12:44:59,21-Aug-2022 11:20:01,21-Aug-2022 11:44:59,00:24:58,461,738754.472237144,738754.489582787
21-Aug-2022 21:38:45,22-Aug-2022 00:34:58,21-Aug-2022 22:38:45,21-Aug-2022 23:34:58,00:56:12,462,738754.943584381,738754.982618684
22-Aug-2022 06:26:38,22-Aug-2022 09:07:49,22-Aug-2022 07:26:38,22-Aug-2022 08:07:49,00:41:11,464,738755.310169109,738755.338770447
22-Aug-2022 12:00:53,22-Aug-2022 14:19:58,22-Aug-2022 13:00:53,22-Aug-2022 13:19:58,00:19:04,465,738755.542289528,738755.555532941
22-Aug-2022 14:57:35,22-Aug-2022 17:38:49,22-Aug-2022 15:57:35,22-Aug-2022 16:38:49,00:41:14,466,738755.664988445,738755.693633659
22-Aug-2022 23:00:36,23-Aug-2022 01:51:07,23-Aug-2022 00:00:36,23-Aug-2022 00:51:07,00:50:31,467,738756.000423335,738756.035506628
23-Aug-2022 01:31:31,23-Aug-2022 05:08:52,23-Aug-2022 02:31:31,23-Aug-2022 04:08:52,01:37:21,468,738756.105226473,738756.172834543
23-Aug-2022 04:45:00,23-Aug-2022 07:18:00,23-Aug-2022 05:45:00,23-Aug-2022 06:18:00,00:33:00,469,738756.239586882,738756.262508532
23-Aug-2022 07:46:10,23-Aug-2022 10:28:15,23-Aug-2022 08:46:10,23-Aug-2022 09:28:15,00:42:04,471,738756.365398517,738756.394620564
23-Aug-2022 09:50:50,23-Aug-2022 12:24:58,23-Aug-2022 10:50:50,23-Aug-2022 11:24:58,00:34:07,472,738756.451979071,738756.475677915
23-Aug-2022 16:52:05,23-Aug-2022 19:16:33,23-Aug-2022 17:52:05,23-Aug-2022 18:16:33,00:24:27,473,738756.744512409,738756.761499193
23-Aug-2022 20:47:39,23-Aug-2022 23:09:40,23-Aug-2022 21:47:39,23-Aug-2022 22:09:40,00:22:01,474,738756.908093008,738756.923383751
24-Aug-2022 00:32:30,24-Aug-2022 03:00:10,24-Aug-2022 01:32:30,24-Aug-2022 02:00:10,00:27:40,475,738757.064237084,738757.083453068
24-Aug-2022 02:00:01,24-Aug-2022 04:29:00,24-Aug-2022 03:00:01,24-Aug-2022 03:29:00,00:28:58,476,738757.125018214,738757.145140441
24-Aug-2022 04:16:15,24-Aug-2022 06:37:26,24-Aug-2022 05:16:15,24-Aug-2022 05:37:26,00:21:11,477,738757.21961987,738757.234333312
24-Aug-2022 05:39:16,24-Aug-2022 07:54:53,24-Aug-2022 06:39:16,24-Aug-2022 06:54:53,00:15:37,478,738757.277271732,738757.288119486
24-Aug-2022 06:40:19,24-Aug-2022 08:54:39,24-Aug-2022 07:40:19,24-Aug-2022 07:54:39,00:14:19,479,738757.31966961,738757.329618282
25-Aug-2022 21:45:04,26-Aug-2022 00:19:28,25-Aug-2022 22:45:04,25-Aug-2022 23:19:28,00:34:23,480,738758.947972888,738758.971853992
26-Aug-2022 01:17:14,26-Aug-2022 03:43:01,26-Aug-2022 02:17:14,26-Aug-2022 02:43:01,00:25:47,481,738759.095304012,738759.113212757
26-Aug-2022 13:31:47,26-Aug-2022 15:51:56,26-Aug-2022 14:31:47,26-Aug-2022 14:51:56,00:20:08,482,738759.605408586,738759.619399937
26-Aug-2022 16:17:49,26-Aug-2022 18:41:08,26-Aug-2022 17:17:49,26-Aug-2022 17:41:08,00:23:18,483,738759.72071669,738759.736907011
26-Aug-2022 22:30:01,27-Aug-2022 00:46:25,26-Aug-2022 23:30:01,26-Aug-2022 23:46:25,00:16:24,484,738759.979184651,738759.99057627
27-Aug-2022 02:53:14,27-Aug-2022 05:24:32,27-Aug-2022 03:53:14,27-Aug-2022 04:24:32,00:31:17,485,738760.161976465,738760.183709905
27-Aug-2022 07:16:22,27-Aug-2022 09:39:45,27-Aug-2022 08:16:22,27-Aug-2022 08:39:45,00:23:22,486,738760.34470335,738760.360937959
27-Aug-2022 09:50:04,27-Aug-2022 12:20:44,27-Aug-2022 10:50:04,27-Aug-2022 11:20:44,00:30:39,487,738760.451443281,738760.472737994
27-Aug-2022 15:16:35,27-Aug-2022 17:39:50,27-Aug-2022 16:16:35,27-Aug-2022 16:39:50,00:23:14,488,738760.678190267,738760.694330548
27-Aug-2022 22:25:05,28-Aug-2022 01:02:51,27-Aug-2022 23:25:05,28-Aug-2022 00:02:51,00:37:45,489,738760.97576306,738761.001984596
28-Aug-2022 01:09:30,28-Aug-2022 03:44:05,28-Aug-2022 02:09:30,28-Aug-2022 02:44:05,00:34:35,490,738761.089933937,738761.11395237
28-Aug-2022 03:36:19,28-Aug-2022 06:34:34,28-Aug-2022 04:36:19,28-Aug-2022 05:34:34,00:58:14,491,738761.191891365,738761.232342115
28-Aug-2022 05:45:02,28-Aug-2022 08:14:59,28-Aug-2022 06:45:02,28-Aug-2022 07:14:59,00:29:57,492,738761.281273636,738761.302080188
28-Aug-2022 07:25:07,28-Aug-2022 10:39:50,28-Aug-2022 08:25:07,28-Aug-2022 09:39:50,01:14:42,493,738761.350779816,738761.402663579
28-Aug-2022 13:35:01,28-Aug-2022 16:03:15,28-Aug-2022 14:35:01,28-Aug-2022 15:03:15,00:28:13,494,738761.607658523,738761.627262868
28-Aug-2022 16:48:01,28-Aug-2022 19:09:15,28-Aug-2022 17:48:01,28-Aug-2022 18:09:15,00:21:13,495,738761.741682532,738761.756424114
28-Aug-2022 20:40:01,28-Aug-2022 23:18:46,28-Aug-2022 21:40:01,28-Aug-2022 22:18:46,00:38:44,496,738761.902795607,738761.929699531
29-Aug-2022 00:36:33,29-Aug-2022 03:30:01,29-Aug-2022 01:36:33,29-Aug-2022 02:30:01,00:53:28,497,738762.067051603,738762.104184481
29-Aug-2022 04:15:59,29-Aug-2022 06:29:52,29-Aug-2022 05:15:59,29-Aug-2022 05:29:52,00:13:52,498,738762.219441112,738762.229080514
29-Aug-2022 06:15:37,29-Aug-2022 09:19:02,29-Aug-2022 07:15:37,29-Aug-2022 08:19:02,01:03:24,499,738762.302517762,738762.346557007
29-Aug-2022 10:52:45,29-Aug-2022 13:20:08,29-Aug-2022 11:52:45,29-Aug-2022 12:20:08,00:27:23,500,738762.494970704,738762.513992235
29-Aug-2022 14:06:30,29-Aug-2022 16:37:58,29-Aug-2022 15:06:30,29-Aug-2022 15:37:58,00:31:27,501,738762.629515692,738762.651366592
29-Aug-2022 19:00:13,29-Aug-2022 21:23:15,29-Aug-2022 20:00:13,29-Aug-2022 20:23:15,00:23:02,502,738762.83348704,738762.849485711
29-Aug-2022 23:37:59,30-Aug-2022 01:52:20,30-Aug-2022 00:37:59,30-Aug-2022 00:52:20,00:14:20,503,738763.026383847,738763.036344934
30-Aug-2022 09:50:16,30-Aug-2022 12:31:08,30-Aug-2022 10:50:16,30-Aug-2022 11:31:08,00:40:51,504,738763.451579144,738763.479955841
30-Aug-2022 16:38:20,30-Aug-2022 19:31:13,30-Aug-2022 17:38:20,30-Aug-2022 18:31:13,00:52:53,505,738763.73495863,738763.771685773
30-Aug-2022 19:52:28,30-Aug-2022 22:54:03,30-Aug-2022 20:52:28,30-Aug-2022 21:54:03,01:01:35,506,738763.869774946,738763.912543552
31-Aug-2022 02:30:01,31-Aug-2022 04:47:42,31-Aug-2022 03:30:01,31-Aug-2022 03:47:42,00:17:41,507,738764.145850984,738764.158133329
31-Aug-2022 04:45:01,31-Aug-2022 07:29:59,31-Aug-2022 05:45:01,31-Aug-2022 06:29:59,00:44:57,508,738764.239604649,738764.270828055
31-Aug-2022 07:02:33,31-Aug-2022 09:24:38,31-Aug-2022 08:02:33,31-Aug-2022 08:24:38,00:22:05,509,738764.335106347,738764.350446402
31-Aug-2022 12:02:33,31-Aug-2022 14:29:08,31-Aug-2022 13:02:33,31-Aug-2022 13:29:08,00:26:35,510,738764.543437582,738764.561898231
31-Aug-2022 14:28:26,31-Aug-2022 17:05:02,31-Aug-2022 15:28:26,31-Aug-2022 16:05:02,00:36:35,511,738764.644751581,738764.670165316
31-Aug-2022 17:15:43,31-Aug-2022 20:26:12,31-Aug-2022 18:15:43,31-Aug-2022 19:26:12,01:10:29,512,738764.760918527,738764.809870029
31-Aug-2022 20:11:04,31-Aug-2022 22:47:52,31-Aug-2022 21:11:04,31-Aug-2022 21:47:52,00:36:47,513,738764.882694663,738764.908243106
31-Aug-2022 23:05:21,01-Sep-2022 01:49:55,01-Sep-2022 00:05:21,01-Sep-2022 00:49:55,00:44:34,514,738765.003718047,738765.034669323
01-Sep-2022 02:06:37,01-Sep-2022 04:19:24,01-Sep-2022 03:06:37,01-Sep-2022 03:19:24,00:12:47,515,738765.129595469,738765.138483032
01-Sep-2022 14:29:47,01-Sep-2022 16:54:09,01-Sep-2022 15:29:47,01-Sep-2022 15:54:09,00:24:21,516,738765.645691778,738765.66261059
01-Sep-2022 17:39:34,01-Sep-2022 20:11:12,01-Sep-2022 18:39:34,01-Sep-2022 19:11:12,00:31:38,517,738765.77748114,738765.799454194
01-Sep-2022 20:45:30,01-Sep-2022 23:02:15,01-Sep-2022 21:45:30,01-Sep-2022 22:02:15,00:16:44,518,738765.906605165,738765.918232348
01-Sep-2022 23:09:21,02-Sep-2022 01:50:17,02-Sep-2022 00:09:21,02-Sep-2022 00:50:17,00:40:56,519,738766.006495429,738766.034926806
02-Sep-2022 10:00:00,02-Sep-2022 12:24:36,02-Sep-2022 11:00:00,02-Sep-2022 11:24:36,00:24:36,521,738766.458335114,738766.475421264
02-Sep-2022 18:46:12,02-Sep-2022 21:09:37,02-Sep-2022 19:46:12,02-Sep-2022 20:09:37,00:23:25,522,738766.823755736,738766.840019529
02-Sep-2022 21:51:36,03-Sep-2022 00:29:44,02-Sep-2022 22:51:36,02-Sep-2022 23:29:44,00:38:07,523,738766.952509801,738766.978985681
03-Sep-2022 01:23:20,03-Sep-2022 04:03:51,03-Sep-2022 02:23:20,03-Sep-2022 03:03:51,00:40:30,524,738767.099548247,738767.127674694
04-Sep-2022 02:28:20,04-Sep-2022 04:54:10,04-Sep-2022 03:28:20,04-Sep-2022 03:54:10,00:25:50,525,738768.144680871,738768.162625979
04-Sep-2022 04:07:00,04-Sep-2022 06:33:12,04-Sep-2022 05:07:00,04-Sep-2022 05:33:12,00:26:11,526,738768.213205615,738768.231391615
04-Sep-2022 05:30:01,04-Sep-2022 08:00:40,04-Sep-2022 06:30:01,04-Sep-2022 07:00:40,00:30:38,527,738768.270850664,738768.292134241
04-Sep-2022 07:35:48,04-Sep-2022 10:15:16,04-Sep-2022 08:35:48,04-Sep-2022 09:15:16,00:39:27,528,738768.358204308,738768.385608096
04-Sep-2022 15:31:00,04-Sep-2022 18:06:13,04-Sep-2022 16:31:00,04-Sep-2022 17:06:13,00:35:13,529,738768.688198216,738768.712655176
04-Sep-2022 19:30:01,04-Sep-2022 22:27:33,04-Sep-2022 20:30:01,04-Sep-2022 21:27:33,00:57:32,530,738768.854183953,738768.89414282
04-Sep-2022 23:36:27,05-Sep-2022 02:05:13,05-Sep-2022 00:36:27,05-Sep-2022 01:05:13,00:28:46,531,738769.025314327,738769.045295477
05-Sep-2022 01:08:19,05-Sep-2022 03:30:44,05-Sep-2022 02:08:19,05-Sep-2022 02:30:44,00:22:24,532,738769.089118464,738769.104684726
05-Sep-2022 03:32:28,05-Sep-2022 06:15:04,05-Sep-2022 04:32:28,05-Sep-2022 05:15:04,00:42:35,533,738769.189218857,738769.218798517
05-Sep-2022 07:45:08,05-Sep-2022 10:29:38,05-Sep-2022 08:45:08,05-Sep-2022 09:29:38,00:44:29,534,738769.364682825,738769.395582737
05-Sep-2022 09:36:32,05-Sep-2022 11:49:50,05-Sep-2022 10:36:32,05-Sep-2022 10:49:50,00:13:18,535,738769.442039162,738769.451283577
05-Sep-2022 12:00:01,05-Sep-2022 14:22:10,05-Sep-2022 13:00:01,05-Sep-2022 13:22:10,00:22:08,536,738769.541683898,738769.557065244
05-Sep-2022 15:37:24,05-Sep-2022 18:19:29,05-Sep-2022 16:37:24,05-Sep-2022 17:19:29,00:42:04,537,738769.692645416,738769.721866181
06-Sep-2022 00:24:47,06-Sep-2022 02:39:27,06-Sep-2022 01:24:47,06-Sep-2022 01:39:27,00:14:39,538,738770.058879711,738770.069063475
06-Sep-2022 04:55:06,06-Sep-2022 07:34:37,06-Sep-2022 05:55:06,06-Sep-2022 06:34:37,00:39:31,539,738770.246606321,738770.274050196
06-Sep-2022 22:37:03,07-Sep-2022 00:56:26,06-Sep-2022 23:37:03,06-Sep-2022 23:56:26,00:19:22,540,738770.984071981,738770.997530184
07-Sep-2022 02:03:00,07-Sep-2022 04:37:47,07-Sep-2022 03:03:00,07-Sep-2022 03:37:47,00:34:47,541,738771.127091613,738771.151247503
07-Sep-2022 10:48:47,07-Sep-2022 13:37:36,07-Sep-2022 11:48:47,07-Sep-2022 12:37:36,00:48:49,543,738771.492210927,738771.526115195
08-Sep-2022 01:21:18,08-Sep-2022 04:06:03,08-Sep-2022 02:21:18,08-Sep-2022 03:06:03,00:44:45,544,738772.098126474,738772.129206222
08-Sep-2022 05:00:01,08-Sep-2022 07:30:49,08-Sep-2022 06:00:01,08-Sep-2022 06:30:49,00:30:48,545,738772.25001702,738772.271411569
09-Sep-2022 04:55:47,09-Sep-2022 07:07:19,09-Sep-2022 05:55:47,09-Sep-2022 06:07:19,00:11:32,546,738773.247076448,738773.255089666
09-Sep-2022 16:20:44,09-Sep-2022 18:51:07,09-Sep-2022 17:20:44,09-Sep-2022 17:51:07,00:30:22,547,738773.722741052,738773.743835728
10-Sep-2022 07:20:00,10-Sep-2022 09:39:30,10-Sep-2022 08:20:00,10-Sep-2022 08:39:30,00:19:30,548,738774.347225249,738774.360767773
10-Sep-2022 10:07:28,10-Sep-2022 13:00:46,10-Sep-2022 11:07:28,10-Sep-2022 12:00:46,00:53:17,549,738774.463529586,738774.500533709
10-Sep-2022 13:52:44,10-Sep-2022 16:09:25,10-Sep-2022 14:52:44,10-Sep-2022 15:09:25,00:16:40,550,738774.619958617,738774.631541962
10-Sep-2022 16:46:00,10-Sep-2022 19:37:02,10-Sep-2022 17:46:00,10-Sep-2022 18:37:02,00:51:02,551,738774.740279949,738774.775720054
10-Sep-2022 22:26:12,11-Sep-2022 01:16:00,10-Sep-2022 23:26:12,11-Sep-2022 00:16:00,00:49:48,552,738774.976530134,738775.011121087
11-Sep-2022 02:32:48,11-Sep-2022 05:31:14,11-Sep-2022 03:32:48,11-Sep-2022 04:31:14,00:58:25,553,738775.147786254,738775.188364066
11-Sep-2022 10:09:33,11-Sep-2022 12:53:19,11-Sep-2022 11:09:33,11-Sep-2022 11:53:19,00:43:46,554,738775.464965397,738775.495366449
11-Sep-2022 13:30:20,11-Sep-2022 15:46:49,11-Sep-2022 14:30:20,11-Sep-2022 14:46:49,00:16:28,555,738775.604408211,738775.615851435
11-Sep-2022 21:13:35,11-Sep-2022 23:48:22,11-Sep-2022 22:13:35,11-Sep-2022 22:48:22,00:34:47,556,738775.926104264,738775.950262926
12-Sep-2022 02:39:09,12-Sep-2022 05:00:39,12-Sep-2022 03:39:09,12-Sep-2022 04:00:39,00:21:30,557,738776.152191612,738776.167124037
12-Sep-2022 04:50:28,12-Sep-2022 07:30:01,12-Sep-2022 05:50:28,12-Sep-2022 06:30:01,00:39:33,558,738776.243382319,738776.270850043
12-Sep-2022 17:08:54,12-Sep-2022 19:44:02,12-Sep-2022 18:08:54,12-Sep-2022 18:44:02,00:35:08,559,738776.756181235,738776.780587929
12-Sep-2022 21:38:08,13-Sep-2022 00:09:21,12-Sep-2022 22:38:08,12-Sep-2022 23:09:21,00:31:12,560,738776.943158671,738776.964828201
12-Sep-2022 23:49:07,13-Sep-2022 02:09:05,13-Sep-2022 00:49:07,13-Sep-2022 01:09:05,00:19:57,561,738777.034113688,738777.047977733
13-Sep-2022 02:28:34,13-Sep-2022 04:44:59,13-Sep-2022 03:28:34,13-Sep-2022 03:44:59,00:16:25,562,738777.144838723,738777.156246178
13-Sep-2022 04:36:32,13-Sep-2022 06:50:26,13-Sep-2022 05:36:32,13-Sep-2022 05:50:26,00:13:53,563,738777.233711835,738777.24335928
13-Sep-2022 10:15:04,13-Sep-2022 12:53:14,13-Sep-2022 11:15:04,13-Sep-2022 11:53:14,00:38:10,564,738777.46880554,738777.495311828
14-Sep-2022 04:36:14,14-Sep-2022 06:46:47,14-Sep-2022 05:36:14,14-Sep-2022 05:46:47,00:10:33,566,738778.233496351,738778.240831446
14-Sep-2022 07:19:01,14-Sep-2022 10:03:16,14-Sep-2022 08:19:01,14-Sep-2022 09:03:16,00:44:15,567,738778.346541196,738778.377277331
14-Sep-2022 14:05:40,14-Sep-2022 16:41:07,14-Sep-2022 15:05:40,14-Sep-2022 15:41:07,00:35:27,570,738778.628936686,738778.653562354
14-Sep-2022 23:17:46,15-Sep-2022 01:29:47,15-Sep-2022 00:17:46,15-Sep-2022 00:29:47,00:12:01,571,738779.012343399,738779.020688954
15-Sep-2022 00:25:16,15-Sep-2022 02:49:17,15-Sep-2022 01:25:16,15-Sep-2022 01:49:17,00:24:00,572,738779.059220054,738779.075894154
15-Sep-2022 02:57:22,15-Sep-2022 05:20:56,15-Sep-2022 03:57:22,15-Sep-2022 04:20:56,00:23:34,573,738779.16484287,738779.181212846
16-Sep-2022 10:05:24,16-Sep-2022 12:34:50,16-Sep-2022 11:05:24,16-Sep-2022 11:34:50,00:29:25,574,738780.462092174,738780.48252825
16-Sep-2022 15:16:34,16-Sep-2022 17:47:03,16-Sep-2022 16:16:34,16-Sep-2022 16:47:03,00:30:29,575,738780.678178996,738780.699351647
16-Sep-2022 19:20:10,16-Sep-2022 21:51:29,16-Sep-2022 20:20:10,16-Sep-2022 20:51:29,00:31:18,577,738780.847342256,738780.869089319
17-Sep-2022 09:54:49,17-Sep-2022 12:23:26,17-Sep-2022 10:54:49,17-Sep-2022 11:23:26,00:28:36,578,738781.454740749,738781.474607936
17-Sep-2022 15:28:57,17-Sep-2022 18:27:50,17-Sep-2022 16:28:57,17-Sep-2022 17:27:50,00:58:53,579,738781.686777757,738781.727673208
17-Sep-2022 23:45:22,18-Sep-2022 02:19:54,18-Sep-2022 00:45:22,18-Sep-2022 01:19:54,00:34:31,580,738782.031509058,738782.055486358
18-Sep-2022 05:30:00,18-Sep-2022 08:04:57,18-Sep-2022 06:30:00,18-Sep-2022 07:04:57,00:34:56,581,738782.270838972,738782.295107018
18-Sep-2022 08:35:27,18-Sep-2022 11:13:24,18-Sep-2022 09:35:27,18-Sep-2022 10:13:24,00:37:56,582,738782.399627858,738782.425974415
18-Sep-2022 20:11:12,18-Sep-2022 22:51:06,18-Sep-2022 21:11:12,18-Sep-2022 21:51:06,00:39:53,583,738782.882787627,738782.910486612
19-Sep-2022 00:20:47,19-Sep-2022 02:35:35,19-Sep-2022 01:20:47,19-Sep-2022 01:35:35,00:14:48,584,738783.056102396,738783.066384285
19-Sep-2022 04:30:00,19-Sep-2022 07:04:59,19-Sep-2022 05:30:00,19-Sep-2022 06:04:59,00:34:59,585,738783.229173245,738783.253471576
20-Sep-2022 01:40:09,20-Sep-2022 04:04:58,20-Sep-2022 02:40:09,20-Sep-2022 03:04:58,00:24:49,586,738784.111215838,738784.128453727
20-Sep-2022 03:58:47,20-Sep-2022 06:18:48,20-Sep-2022 04:58:47,20-Sep-2022 05:18:48,00:20:00,587,738784.207499733,738784.221390061
20-Sep-2022 07:51:38,20-Sep-2022 10:30:01,20-Sep-2022 08:51:38,20-Sep-2022 09:30:01,00:38:23,588,738784.369191883,738784.39584944
20-Sep-2022 12:22:56,20-Sep-2022 14:55:02,20-Sep-2022 13:22:56,20-Sep-2022 13:55:02,00:32:06,589,738784.557597851,738784.579895268
20-Sep-2022 22:46:01,21-Sep-2022 01:19:30,20-Sep-2022 23:46:01,21-Sep-2022 00:19:30,00:33:28,590,738784.990297306,738785.013548383
22-Sep-2022 02:15:08,22-Sep-2022 04:37:09,22-Sep-2022 03:15:08,22-Sep-2022 03:37:09,00:22:01,591,738786.135512524,738786.150806557
22-Sep-2022 04:40:01,22-Sep-2022 07:14:19,22-Sep-2022 05:40:01,22-Sep-2022 06:14:19,00:34:18,592,738786.23612709,738786.25994701
22-Sep-2022 07:05:39,22-Sep-2022 10:00:22,22-Sep-2022 08:05:39,22-Sep-2022 09:00:22,00:54:42,593,738786.337267323,738786.375263945
22-Sep-2022 13:15:01,22-Sep-2022 15:32:17,22-Sep-2022 14:15:01,22-Sep-2022 14:32:17,00:17:15,595,738786.59376973,738786.605757085
22-Sep-2022 19:37:02,22-Sep-2022 21:54:33,22-Sep-2022 20:37:02,22-Sep-2022 20:54:33,00:17:31,596,738786.859055488,738786.871223161
23-Sep-2022 00:35:07,23-Sep-2022 02:54:26,23-Sep-2022 01:35:07,23-Sep-2022 01:54:26,00:19:18,597,738787.066059897,738787.079470161
23-Sep-2022 03:18:16,23-Sep-2022 06:04:56,23-Sep-2022 04:18:16,23-Sep-2022 05:04:56,00:46:39,598,738787.179356598,738787.211763147
23-Sep-2022 04:46:06,23-Sep-2022 07:13:09,23-Sep-2022 05:46:06,23-Sep-2022 06:13:09,00:27:02,599,738787.240356081,738787.259137963
23-Sep-2022 06:07:58,23-Sep-2022 08:48:17,23-Sep-2022 07:07:58,23-Sep-2022 07:48:17,00:40:18,600,738787.297203536,738787.325200361
23-Sep-2022 08:35:00,23-Sep-2022 10:53:31,23-Sep-2022 09:35:00,23-Sep-2022 09:53:31,00:18:30,601,738787.399313705,738787.412169461
23-Sep-2022 11:47:20,23-Sep-2022 14:39:21,23-Sep-2022 12:47:20,23-Sep-2022 13:39:21,00:52:00,602,738787.53287069,738787.568993223
23-Sep-2022 16:09:49,23-Sep-2022 19:03:53,23-Sep-2022 17:09:49,23-Sep-2022 18:03:53,00:54:03,603,738787.715154342,738787.752699269
23-Sep-2022 22:44:57,24-Sep-2022 01:49:25,23-Sep-2022 23:44:57,24-Sep-2022 00:49:25,01:04:28,604,738787.989549739,738788.034319526
24-Sep-2022 05:52:14,24-Sep-2022 08:29:11,24-Sep-2022 06:52:14,24-Sep-2022 07:29:11,00:36:56,606,738788.286277242,738788.311935969
24-Sep-2022 07:10:01,24-Sep-2022 09:31:22,24-Sep-2022 08:10:01,24-Sep-2022 08:31:22,00:21:20,607,738788.340293608,738788.355117052
24-Sep-2022 16:37:13,24-Sep-2022 19:14:40,24-Sep-2022 17:37:13,24-Sep-2022 18:14:40,00:37:26,608,738788.734189251,738788.760193798
24-Sep-2022 18:58:21,24-Sep-2022 22:08:50,24-Sep-2022 19:58:21,24-Sep-2022 21:08:50,01:10:28,609,738788.832196517,738788.881137063
25-Sep-2022 02:28:45,25-Sep-2022 04:59:59,25-Sep-2022 03:28:45,25-Sep-2022 03:59:59,00:31:14,610,738789.144969502,738789.166664417
25-Sep-2022 07:40:00,25-Sep-2022 10:19:59,25-Sep-2022 08:40:00,25-Sep-2022 09:19:59,00:39:59,612,738789.361118103,738789.388888496
25-Sep-2022 11:15:04,25-Sep-2022 13:31:40,25-Sep-2022 12:15:04,25-Sep-2022 12:31:40,00:16:36,613,738789.510467729,738789.52199778
25-Sep-2022 12:29:29,25-Sep-2022 15:02:30,25-Sep-2022 13:29:29,25-Sep-2022 14:02:30,00:33:00,614,738789.562151036,738789.585078681
25-Sep-2022 17:30:47,25-Sep-2022 19:53:59,25-Sep-2022 18:30:47,25-Sep-2022 18:53:59,00:23:11,615,738789.771388408,738789.787498574
25-Sep-2022 21:17:49,25-Sep-2022 23:54:09,25-Sep-2022 22:17:49,25-Sep-2022 22:54:09,00:36:19,616,738789.929050258,738789.954278575
26-Sep-2022 04:56:33,26-Sep-2022 07:27:50,26-Sep-2022 05:56:33,26-Sep-2022 06:27:50,00:31:16,617,738790.247609193,738790.269332685
26-Sep-2022 14:59:19,26-Sep-2022 17:25:56,26-Sep-2022 15:59:19,26-Sep-2022 16:25:56,00:26:37,619,738790.66619771,738790.684686168
26-Sep-2022 21:36:39,27-Sep-2022 00:09:21,26-Sep-2022 22:36:39,26-Sep-2022 23:09:21,00:32:42,620,738790.942119042,738790.964828166
27-Sep-2022 01:07:58,27-Sep-2022 03:44:53,27-Sep-2022 02:07:58,27-Sep-2022 02:44:53,00:36:55,621,738791.088867025,738791.114506578
27-Sep-2022 05:02:18,27-Sep-2022 07:22:15,27-Sep-2022 06:02:18,27-Sep-2022 06:22:15,00:19:57,623,738791.251607424,738791.265462117
27-Sep-2022 09:30:01,27-Sep-2022 13:11:11,27-Sep-2022 10:30:01,27-Sep-2022 12:11:11,01:41:10,624,738791.437515616,738791.507775632
28-Sep-2022 01:17:31,28-Sep-2022 03:32:28,28-Sep-2022 02:17:31,28-Sep-2022 02:32:28,00:14:57,625,738792.095497878,738792.105889492
28-Sep-2022 05:47:58,28-Sep-2022 08:18:55,28-Sep-2022 06:47:58,28-Sep-2022 07:18:55,00:30:57,626,738792.283320308,738792.304813683
28-Sep-2022 09:30:02,28-Sep-2022 11:54:33,28-Sep-2022 10:30:02,28-Sep-2022 10:54:33,00:24:31,627,738792.43753008,738792.454558539
28-Sep-2022 19:30:01,28-Sep-2022 21:59:39,28-Sep-2022 20:30:01,28-Sep-2022 20:59:39,00:29:37,628,738792.854182187,738792.874758058
29-Sep-2022 03:10:00,29-Sep-2022 05:28:50,29-Sep-2022 04:10:00,29-Sep-2022 04:28:50,00:18:49,629,738793.173617708,738793.186694
29-Sep-2022 06:25:36,29-Sep-2022 08:54:59,29-Sep-2022 07:25:36,29-Sep-2022 07:54:59,00:29:22,630,738793.30945368,738793.329856851
29-Sep-2022 09:01:15,29-Sep-2022 12:07:53,29-Sep-2022 10:01:15,29-Sep-2022 11:07:53,01:06:38,631,738793.417544769,738793.463818485
29-Sep-2022 10:58:15,29-Sep-2022 13:46:28,29-Sep-2022 11:58:15,29-Sep-2022 12:46:28,00:48:12,632,738793.498794074,738793.532273525
29-Sep-2022 14:15:08,29-Sep-2022 16:57:48,29-Sep-2022 15:15:08,29-Sep-2022 15:57:48,00:42:39,633,738793.635519384,738793.665142832
29-Sep-2022 17:20:05,29-Sep-2022 19:51:25,29-Sep-2022 18:20:05,29-Sep-2022 18:51:25,00:31:19,634,738793.763953457,738793.785707517
29-Sep-2022 22:20:59,30-Sep-2022 01:04:51,29-Sep-2022 23:20:59,30-Sep-2022 00:04:51,00:43:52,636,738793.972908462,738794.003374597
30-Sep-2022 01:02:11,30-Sep-2022 03:22:53,30-Sep-2022 02:02:11,30-Sep-2022 02:22:53,00:20:41,637,738794.084857817,738794.099231147
30-Sep-2022 02:30:00,30-Sep-2022 04:44:59,30-Sep-2022 03:30:00,30-Sep-2022 03:44:59,00:14:59,638,738794.145835437,738794.156243128
30-Sep-2022 04:55:00,30-Sep-2022 07:09:46,30-Sep-2022 05:55:00,30-Sep-2022 06:09:46,00:14:46,639,738794.246527947,738794.256790146
30-Sep-2022 06:40:01,30-Sep-2022 09:05:59,30-Sep-2022 07:40:01,30-Sep-2022 08:05:59,00:25:58,640,738794.319459867,738794.337498079
30-Sep-2022 09:21:08,30-Sep-2022 12:09:19,30-Sep-2022 10:21:08,30-Sep-2022 11:09:19,00:48:10,641,738794.431352612,738794.464804391
30-Sep-2022 15:41:04,30-Sep-2022 18:26:40,30-Sep-2022 16:41:04,30-Sep-2022 17:26:40,00:45:36,642,738794.695192286,738794.726861528
30-Sep-2022 22:58:56,01-Oct-2022 01:21:01,30-Sep-2022 23:58:56,01-Oct-2022 00:21:01,00:22:05,643,738794.999261113,738795.014601188
01-Oct-2022 05:35:07,01-Oct-2022 08:09:53,01-Oct-2022 06:35:07,01-Oct-2022 07:09:53,00:34:45,644,738795.274394327,738795.298533675
01-Oct-2022 08:20:04,01-Oct-2022 10:39:46,01-Oct-2022 09:20:04,01-Oct-2022 09:39:46,00:19:42,645,738795.388935932,738795.402624981
01-Oct-2022 11:00:01,01-Oct-2022 13:30:52,01-Oct-2022 12:00:01,01-Oct-2022 12:30:52,00:30:51,646,738795.500015337,738795.521441838
01-Oct-2022 13:45:31,01-Oct-2022 16:11:04,01-Oct-2022 14:45:31,01-Oct-2022 15:11:04,00:25:33,647,738795.614945841,738795.632693324
01-Oct-2022 15:22:13,01-Oct-2022 18:30:48,01-Oct-2022 16:22:13,01-Oct-2022 17:30:48,01:08:35,648,738795.682098452,738795.729725829
01-Oct-2022 18:40:01,01-Oct-2022 21:20:34,01-Oct-2022 19:40:01,01-Oct-2022 20:20:34,00:40:33,649,738795.819459758,738795.847623928
01-Oct-2022 22:17:00,02-Oct-2022 01:02:58,01-Oct-2022 23:17:00,02-Oct-2022 00:02:58,00:45:57,650,738795.970149522,738796.002066165
02-Oct-2022 03:00:51,02-Oct-2022 05:28:59,02-Oct-2022 04:00:51,02-Oct-2022 04:28:59,00:28:08,651,738796.167256973,738796.186800181
02-Oct-2022 09:20:42,02-Oct-2022 12:51:37,02-Oct-2022 10:20:42,02-Oct-2022 11:51:37,01:30:54,652,738796.431050283,738796.494186393
02-Oct-2022 11:46:17,02-Oct-2022 13:57:35,02-Oct-2022 12:46:17,02-Oct-2022 12:57:35,00:11:17,653,738796.532152136,738796.539990874
02-Oct-2022 12:36:39,02-Oct-2022 15:02:36,02-Oct-2022 13:36:39,02-Oct-2022 14:02:36,00:25:57,654,738796.567121099,738796.585143845
02-Oct-2022 14:15:11,02-Oct-2022 17:26:08,02-Oct-2022 15:15:11,02-Oct-2022 16:26:08,01:10:56,655,738796.635554272,738796.684823428
02-Oct-2022 18:13:07,02-Oct-2022 21:07:23,02-Oct-2022 19:13:07,02-Oct-2022 20:07:23,00:54:16,656,738796.800776278,738796.838469252
02-Oct-2022 22:08:29,03-Oct-2022 01:01:35,02-Oct-2022 23:08:29,03-Oct-2022 00:01:35,00:53:05,657,738796.964233335,738797.001107246
03-Oct-2022 01:24:53,03-Oct-2022 06:23:35,03-Oct-2022 02:24:53,03-Oct-2022 05:23:35,02:58:42,659,738797.100618629,738797.224719282
03-Oct-2022 05:27:53,03-Oct-2022 08:03:29,03-Oct-2022 06:27:53,03-Oct-2022 07:03:29,00:35:36,660,738797.269371384,738797.294094079
03-Oct-2022 06:40:00,03-Oct-2022 09:01:56,03-Oct-2022 07:40:00,03-Oct-2022 08:01:56,00:21:56,661,738797.319446382,738797.334681684
03-Oct-2022 09:39:48,03-Oct-2022 11:58:50,03-Oct-2022 10:39:48,03-Oct-2022 10:58:50,00:19:01,663,738797.444313277,738797.457525921
03-Oct-2022 12:15:53,03-Oct-2022 14:42:22,03-Oct-2022 13:15:53,03-Oct-2022 13:42:22,00:26:28,664,738797.552708225,738797.571091146
03-Oct-2022 15:20:43,03-Oct-2022 18:23:18,03-Oct-2022 16:20:43,03-Oct-2022 17:23:18,01:02:35,665,738797.68105397,738797.724517127
03-Oct-2022 18:56:41,03-Oct-2022 21:21:29,03-Oct-2022 19:56:41,03-Oct-2022 20:21:29,00:24:48,666,738797.83103405,738797.848257045
03-Oct-2022 22:01:27,04-Oct-2022 01:06:01,03-Oct-2022 23:01:27,04-Oct-2022 00:06:01,01:04:33,667,738797.959350565,738798.004182297
04-Oct-2022 01:55:59,04-Oct-2022 04:45:07,04-Oct-2022 02:55:59,04-Oct-2022 03:45:07,00:49:07,668,738798.122217483,738798.156337089
04-Oct-2022 06:36:04,04-Oct-2022 10:00:01,04-Oct-2022 07:36:04,04-Oct-2022 09:00:01,01:23:56,669,738798.316717523,738798.375015124
04-Oct-2022 10:53:21,04-Oct-2022 13:39:40,04-Oct-2022 11:53:21,04-Oct-2022 12:39:40,00:46:19,670,738798.495384868,738798.527557339
04-Oct-2022 12:49:34,04-Oct-2022 15:15:50,04-Oct-2022 13:49:34,04-Oct-2022 14:15:50,00:26:15,671,738798.576093646,738798.594331096
04-Oct-2022 17:09:39,04-Oct-2022 20:18:17,04-Oct-2022 18:09:39,04-Oct-2022 19:18:17,01:08:37,673,738798.756709491,738798.804369862
04-Oct-2022 19:48:49,04-Oct-2022 23:06:38,04-Oct-2022 20:48:49,04-Oct-2022 22:06:38,01:17:48,674,738798.867245129,738798.921276144
04-Oct-2022 22:33:52,05-Oct-2022 01:42:39,04-Oct-2022 23:33:52,05-Oct-2022 00:42:39,01:08:47,675,738798.98185225,738799.029624515
05-Oct-2022 01:53:40,05-Oct-2022 04:34:57,05-Oct-2022 02:53:40,05-Oct-2022 03:34:57,00:41:17,676,738799.12060588,738799.149279649
05-Oct-2022 04:55:31,05-Oct-2022 07:34:03,05-Oct-2022 05:55:31,05-Oct-2022 06:34:03,00:38:31,677,738799.246891799,738799.273648762
05-Oct-2022 11:40:56,05-Oct-2022 14:06:19,05-Oct-2022 12:40:56,05-Oct-2022 13:06:19,00:25:22,678,738799.528434495,738799.546055283
05-Oct-2022 16:22:48,05-Oct-2022 19:07:50,05-Oct-2022 17:22:48,05-Oct-2022 18:07:50,00:45:01,679,738799.72417561,738799.755440717
05-Oct-2022 21:52:51,06-Oct-2022 00:24:50,05-Oct-2022 22:52:51,05-Oct-2022 23:24:50,00:31:59,680,738799.953371683,738799.975589583
06-Oct-2022 02:15:50,06-Oct-2022 04:48:06,06-Oct-2022 03:15:50,06-Oct-2022 03:48:06,00:32:16,681,738800.135999219,738800.158413685
06-Oct-2022 08:49:25,06-Oct-2022 11:18:28,06-Oct-2022 09:49:25,06-Oct-2022 10:18:28,00:29:02,682,738800.409324824,738800.429498296
06-Oct-2022 11:25:20,06-Oct-2022 14:14:29,06-Oct-2022 12:25:20,06-Oct-2022 13:14:29,00:49:08,683,738800.517596906,738800.551728162
06-Oct-2022 15:00:01,06-Oct-2022 18:17:42,06-Oct-2022 16:00:01,06-Oct-2022 17:17:42,01:17:41,684,738800.666681621,738800.720635715
06-Oct-2022 20:27:38,06-Oct-2022 23:09:42,06-Oct-2022 21:27:38,06-Oct-2022 22:09:42,00:42:04,685,738800.89419767,738800.923411497
06-Oct-2022 23:06:22,07-Oct-2022 02:16:26,07-Oct-2022 00:06:22,07-Oct-2022 01:16:26,01:10:04,686,738801.004428933,738801.053089457
07-Oct-2022 03:30:00,07-Oct-2022 05:53:40,07-Oct-2022 04:30:00,07-Oct-2022 04:53:40,00:23:39,687,738801.18751155,738801.20393598
07-Oct-2022 08:57:44,07-Oct-2022 11:29:59,07-Oct-2022 09:57:44,07-Oct-2022 10:29:59,00:32:15,689,738801.415100312,738801.437497397
07-Oct-2022 15:53:03,07-Oct-2022 19:13:19,07-Oct-2022 16:53:03,07-Oct-2022 18:13:19,01:20:15,691,738801.70351285,738801.759249133
07-Oct-2022 19:25:17,07-Oct-2022 22:15:32,07-Oct-2022 20:25:17,07-Oct-2022 21:15:32,00:50:14,692,738801.850896773,738801.885789073
07-Oct-2022 23:35:29,08-Oct-2022 02:13:48,08-Oct-2022 00:35:29,08-Oct-2022 01:13:48,00:38:19,693,738802.024646061,738802.051256708
08-Oct-2022 01:36:34,08-Oct-2022 03:57:45,08-Oct-2022 02:36:34,08-Oct-2022 02:57:45,00:21:10,694,738802.108733192,738802.123440289
08-Oct-2022 03:21:30,08-Oct-2022 06:22:52,08-Oct-2022 04:21:30,08-Oct-2022 05:22:52,01:01:22,695,738802.181600211,738802.224219735
08-Oct-2022 08:10:04,08-Oct-2022 10:44:25,08-Oct-2022 09:10:04,08-Oct-2022 09:44:25,00:34:21,696,738802.381996104,738802.40585524
08-Oct-2022 14:48:31,08-Oct-2022 17:20:57,08-Oct-2022 15:48:31,08-Oct-2022 16:20:57,00:32:25,698,738802.658694653,738802.681217217
08-Oct-2022 18:34:45,08-Oct-2022 21:45:31,08-Oct-2022 19:34:45,08-Oct-2022 20:45:31,01:10:45,699,738802.815804375,738802.86494724
08-Oct-2022 22:00:01,09-Oct-2022 00:33:31,08-Oct-2022 23:00:01,08-Oct-2022 23:33:31,00:33:30,700,738802.958348113,738802.9816175
09-Oct-2022 00:33:29,09-Oct-2022 04:26:34,09-Oct-2022 01:33:29,09-Oct-2022 03:26:34,01:53:05,701,738803.064920338,738803.143454306
09-Oct-2022 03:00:01,09-Oct-2022 05:43:28,09-Oct-2022 04:00:01,09-Oct-2022 04:43:28,00:43:27,702,738803.166681429,738803.196862024
09-Oct-2022 07:41:32,09-Oct-2022 10:02:57,09-Oct-2022 08:41:32,09-Oct-2022 09:02:57,00:21:24,703,738803.362187447,738803.377049684
09-Oct-2022 09:55:04,09-Oct-2022 12:24:54,09-Oct-2022 10:55:04,09-Oct-2022 11:24:54,00:29:50,704,738803.454908388,738803.475628399
09-Oct-2022 13:50:46,09-Oct-2022 16:56:19,09-Oct-2022 14:50:46,09-Oct-2022 15:56:19,01:05:32,705,738803.61859836,738803.664110782
09-Oct-2022 20:10:56,09-Oct-2022 23:06:57,09-Oct-2022 21:10:56,09-Oct-2022 22:06:57,00:56:00,706,738803.882598208,738803.921497818
09-Oct-2022 22:49:00,10-Oct-2022 01:43:04,09-Oct-2022 23:49:00,10-Oct-2022 00:43:04,00:54:03,707,738803.992367023,738804.0299076
10-Oct-2022 01:41:00,10-Oct-2022 05:29:46,10-Oct-2022 02:41:00,10-Oct-2022 04:29:46,01:48:45,708,738804.11181371,738804.187344702
10-Oct-2022 09:05:08,10-Oct-2022 11:24:29,10-Oct-2022 10:05:08,10-Oct-2022 10:24:29,00:19:20,709,738804.420240448,738804.433677534
10-Oct-2022 13:17:28,10-Oct-2022 15:39:18,10-Oct-2022 14:17:28,10-Oct-2022 14:39:18,00:21:50,710,738804.595467043,738804.610632207
10-Oct-2022 16:45:41,10-Oct-2022 19:15:28,10-Oct-2022 17:45:41,10-Oct-2022 18:15:28,00:29:47,711,738804.740063055,738804.760746176
10-Oct-2022 22:01:01,11-Oct-2022 00:25:22,10-Oct-2022 23:01:01,10-Oct-2022 23:25:22,00:24:21,712,738804.95903949,738804.975951796
11-Oct-2022 02:05:37,11-Oct-2022 04:34:47,11-Oct-2022 03:05:37,11-Oct-2022 03:34:47,00:29:10,714,738805.128909123,738805.149165466
11-Oct-2022 14:56:03,11-Oct-2022 18:00:01,11-Oct-2022 15:56:03,11-Oct-2022 17:00:01,01:03:57,715,738805.663932559,738805.708347904
11-Oct-2022 17:46:45,11-Oct-2022 20:36:28,11-Oct-2022 18:46:45,11-Oct-2022 19:36:28,00:49:42,716,738805.782470323,738805.816990963
11-Oct-2022 21:39:11,12-Oct-2022 00:21:09,11-Oct-2022 22:39:11,11-Oct-2022 23:21:09,00:41:58,718,738805.943878361,738805.973022437
12-Oct-2022 00:38:07,12-Oct-2022 03:06:02,12-Oct-2022 01:38:07,12-Oct-2022 02:06:02,00:27:54,719,738806.068145952,738806.087525689
12-Oct-2022 03:10:01,12-Oct-2022 05:59:07,12-Oct-2022 04:10:01,12-Oct-2022 04:59:07,00:49:06,720,738806.173625648,738806.207727404
12-Oct-2022 23:40:01,13-Oct-2022 02:25:34,13-Oct-2022 00:40:01,13-Oct-2022 01:25:34,00:45:32,721,738807.027792249,738807.059421914
13-Oct-2022 02:50:51,13-Oct-2022 05:25:39,13-Oct-2022 03:50:51,13-Oct-2022 04:25:39,00:34:47,722,738807.160317986,738807.184481994
13-Oct-2022 12:40:01,13-Oct-2022 15:11:43,13-Oct-2022 13:40:01,13-Oct-2022 14:11:43,00:31:42,723,738807.569458875,738807.591478761
13-Oct-2022 17:47:08,13-Oct-2022 20:28:48,13-Oct-2022 18:47:08,13-Oct-2022 19:28:48,00:41:40,724,738807.782732135,738807.811675522
13-Oct-2022 20:50:55,13-Oct-2022 23:22:42,13-Oct-2022 21:50:55,13-Oct-2022 22:22:42,00:31:46,725,738807.910366797,738807.932435408
14-Oct-2022 00:10:01,14-Oct-2022 02:44:59,14-Oct-2022 01:10:01,14-Oct-2022 01:44:59,00:34:58,726,738808.048625503,738808.07291616
14-Oct-2022 02:30:01,14-Oct-2022 05:04:51,14-Oct-2022 03:30:01,14-Oct-2022 04:04:51,00:34:50,727,738808.145847718,738808.170045285
14-Oct-2022 03:57:20,14-Oct-2022 06:44:40,14-Oct-2022 04:57:20,14-Oct-2022 05:44:40,00:47:19,728,738808.20648313,738808.23935219
