date,effort_hrs,effort_pct,year,month,present
2021-07-19,24,1,2021,7,FALSE
2021-07-20,24,1,2021,7,FALSE
2021-07-21,24,1,2021,7,FALSE
2021-07-22,24,1,2021,7,FALSE
2021-07-23,24,1,2021,7,FALSE
2021-07-24,24,1,2021,7,FALSE
2021-07-25,24,1,2021,7,FALSE
2021-07-26,24,1,2021,7,FALSE
2021-07-27,24,1,2021,7,FALSE
2021-07-28,24,1,2021,7,FALSE
2021-07-29,24,1,2021,7,FALSE
2021-07-30,24,1,2021,7,TRUE
2021-07-31,24,1,2021,7,TRUE
2021-08-01,24,1,2021,8,TRUE
2021-08-02,24,1,2021,8,TRUE
2021-08-03,24,1,2021,8,TRUE
2021-08-04,24,1,2021,8,TRUE
2021-08-05,24,1,2021,8,TRUE
2021-08-06,24,1,2021,8,TRUE
2021-08-07,24,1,2021,8,TRUE
2021-08-08,24,1,2021,8,TRUE
2021-08-09,24,1,2021,8,TRUE
2021-08-10,24,1,2021,8,TRUE
2021-08-11,24,1,2021,8,TRUE
2021-08-12,24,1,2021,8,TRUE
2021-08-13,24,1,2021,8,TRUE
2021-08-14,24,1,2021,8,TRUE
2021-08-15,24,1,2021,8,TRUE
2021-08-16,24,1,2021,8,TRUE
2021-08-17,24,1,2021,8,TRUE
2021-08-18,24,1,2021,8,TRUE
2021-08-19,24,1,2021,8,TRUE
2021-08-20,24,1,2021,8,TRUE
2021-08-21,24,1,2021,8,TRUE
2021-08-22,24,1,2021,8,TRUE
2021-08-23,24,1,2021,8,TRUE
2021-08-24,24,1,2021,8,TRUE
2021-08-25,24,1,2021,8,TRUE
2021-08-26,24,1,2021,8,TRUE
2021-08-27,24,1,2021,8,TRUE
2021-08-28,24,1,2021,8,TRUE
2021-08-29,24,1,2021,8,TRUE
2021-08-30,24,1,2021,8,TRUE
2021-08-31,24,1,2021,8,TRUE
2021-09-01,24,1,2021,9,TRUE
2021-09-02,24,1,2021,9,TRUE
2021-09-03,24,1,2021,9,TRUE
2021-09-04,24,1,2021,9,TRUE
2021-09-05,24,1,2021,9,TRUE
2021-09-06,24,1,2021,9,TRUE
2021-09-07,24,1,2021,9,TRUE
2021-09-08,24,1,2021,9,TRUE
2021-09-09,24,1,2021,9,TRUE
2021-09-10,24,1,2021,9,TRUE
2021-09-11,24,1,2021,9,TRUE
2021-09-12,24,1,2021,9,TRUE
2021-09-13,24,1,2021,9,FALSE
2021-09-14,24,1,2021,9,TRUE
2021-09-15,24,1,2021,9,TRUE
2021-09-16,24,1,2021,9,TRUE
2021-09-17,24,1,2021,9,TRUE
2021-09-18,24,1,2021,9,TRUE
2021-09-19,24,1,2021,9,TRUE
2021-09-20,24,1,2021,9,TRUE
2021-09-21,24,1,2021,9,TRUE
2021-09-22,24,1,2021,9,TRUE
2021-09-23,24,1,2021,9,TRUE
2021-09-24,24,1,2021,9,TRUE
2021-09-25,24,1,2021,9,TRUE
2021-09-26,24,1,2021,9,TRUE
2021-09-27,24,1,2021,9,TRUE
2021-09-28,24,1,2021,9,TRUE
2021-09-29,24,1,2021,9,TRUE
2021-09-30,24,1,2021,9,TRUE
2021-10-01,24,1,2021,10,TRUE
2021-10-02,24,1,2021,10,TRUE
2021-10-03,24,1,2021,10,TRUE
2021-10-04,24,1,2021,10,TRUE
2021-10-05,24,1,2021,10,TRUE
2021-10-06,24,1,2021,10,TRUE
2021-10-07,24,1,2021,10,TRUE
2021-10-08,24,1,2021,10,TRUE
2021-10-09,24,1,2021,10,TRUE
2021-10-10,24,1,2021,10,TRUE
2021-10-11,24,1,2021,10,TRUE
2021-10-12,24,1,2021,10,TRUE
2021-10-13,24,1,2021,10,TRUE
2021-10-14,24,1,2021,10,TRUE
2021-10-15,24,1,2021,10,TRUE
2021-10-16,24,1,2021,10,TRUE
2021-10-17,24,1,2021,10,TRUE
2021-10-18,24,1,2021,10,TRUE
2021-10-19,24,1,2021,10,TRUE
2021-10-20,24,1,2021,10,TRUE
2021-10-21,24,1,2021,10,TRUE
2021-10-22,24,1,2021,10,TRUE
2021-10-23,24,1,2021,10,TRUE
2021-10-24,24,1,2021,10,TRUE
2021-10-25,24,1,2021,10,TRUE
2021-10-26,24,1,2021,10,TRUE
2021-10-27,24,1,2021,10,TRUE
2021-10-28,24,1,2021,10,TRUE
2021-10-29,24,1,2021,10,TRUE
2021-10-30,24,1,2021,10,TRUE
2021-10-31,24,1,2021,10,TRUE
2021-11-01,24,1,2021,11,TRUE
2021-11-02,24,1,2021,11,TRUE
2021-11-03,24,1,2021,11,TRUE
2021-11-04,24,1,2021,11,TRUE
2021-11-05,24,1,2021,11,TRUE
2021-11-06,24,1,2021,11,TRUE
2021-11-07,24,1,2021,11,TRUE
2021-11-08,24,1,2021,11,TRUE
2021-11-09,24,1,2021,11,TRUE
2021-11-10,24,1,2021,11,TRUE
2021-11-11,24,1,2021,11,TRUE
2021-11-12,24,1,2021,11,TRUE
2021-11-13,24,1,2021,11,TRUE
2021-11-14,24,1,2021,11,TRUE
2021-11-15,24,1,2021,11,TRUE
2021-11-16,24,1,2021,11,TRUE
2021-11-17,24,1,2021,11,TRUE
2021-11-18,24,1,2021,11,TRUE
2021-11-19,24,1,2021,11,TRUE
2021-11-20,24,1,2021,11,TRUE
2021-11-21,24,1,2021,11,TRUE
2021-11-22,24,1,2021,11,TRUE
2021-11-23,24,1,2021,11,TRUE
2021-11-24,24,1,2021,11,TRUE
2021-11-25,24,1,2021,11,TRUE
2021-11-26,24,1,2021,11,TRUE
2021-11-27,24,1,2021,11,TRUE
2021-11-28,24,1,2021,11,TRUE
2021-11-29,24,1,2021,11,TRUE
2021-11-30,24,1,2021,11,TRUE
2021-12-01,24,1,2021,12,TRUE
2021-12-02,24,1,2021,12,TRUE
2021-12-03,24,1,2021,12,TRUE
2021-12-04,24,1,2021,12,TRUE
2021-12-05,24,1,2021,12,TRUE
2021-12-06,24,1,2021,12,TRUE
2021-12-07,24,1,2021,12,TRUE
2021-12-08,24,1,2021,12,TRUE
2021-12-09,24,1,2021,12,TRUE
2021-12-10,24,1,2021,12,TRUE
2021-12-11,24,1,2021,12,TRUE
2021-12-12,24,1,2021,12,TRUE
2021-12-13,24,1,2021,12,TRUE
2021-12-14,24,1,2021,12,TRUE
2021-12-15,24,1,2021,12,TRUE
2021-12-16,24,1,2021,12,TRUE
2021-12-17,24,1,2021,12,TRUE
2021-12-18,24,1,2021,12,TRUE
2021-12-19,24,1,2021,12,TRUE
2021-12-20,24,1,2021,12,TRUE
2021-12-21,24,1,2021,12,TRUE
2021-12-22,24,1,2021,12,TRUE
2021-12-23,24,1,2021,12,TRUE
2021-12-24,24,1,2021,12,TRUE
2021-12-25,24,1,2021,12,TRUE
2021-12-26,24,1,2021,12,TRUE
2021-12-27,24,1,2021,12,TRUE
2021-12-28,24,1,2021,12,TRUE
2021-12-29,24,1,2021,12,TRUE
2021-12-30,24,1,2021,12,TRUE
2021-12-31,24,1,2021,12,TRUE
2022-01-01,24,1,2022,1,TRUE
2022-01-02,24,1,2022,1,TRUE
2022-01-03,24,1,2022,1,TRUE
2022-01-04,24,1,2022,1,TRUE
2022-01-05,24,1,2022,1,TRUE
2022-01-06,24,1,2022,1,TRUE
2022-01-07,24,1,2022,1,TRUE
2022-01-08,24,1,2022,1,TRUE
2022-01-09,24,1,2022,1,TRUE
2022-01-10,24,1,2022,1,TRUE
2022-01-11,24,1,2022,1,TRUE
2022-01-12,24,1,2022,1,TRUE
2022-01-13,24,1,2022,1,TRUE
2022-01-14,24,1,2022,1,TRUE
2022-01-15,24,1,2022,1,FALSE
2022-01-16,24,1,2022,1,FALSE
2022-01-17,24,1,2022,1,TRUE
2022-01-18,24,1,2022,1,TRUE
2022-01-19,24,1,2022,1,TRUE
2022-01-20,24,1,2022,1,TRUE
2022-01-21,24,1,2022,1,TRUE
2022-03-10,24,1,2022,3,TRUE
2022-03-11,24,1,2022,3,TRUE
2022-03-12,24,1,2022,3,TRUE
2022-03-13,24,1,2022,3,TRUE
2022-03-14,24,1,2022,3,TRUE
2022-03-15,24,1,2022,3,TRUE
2022-03-16,24,1,2022,3,TRUE
2022-03-17,24,1,2022,3,TRUE
2022-03-18,24,1,2022,3,TRUE
2022-03-19,24,1,2022,3,TRUE
2022-03-20,24,1,2022,3,TRUE
2022-03-21,24,1,2022,3,TRUE
2022-03-22,24,1,2022,3,TRUE
2022-03-23,24,1,2022,3,TRUE
2022-03-24,24,1,2022,3,TRUE
2022-03-25,24,1,2022,3,TRUE
2022-03-26,24,1,2022,3,TRUE
2022-03-27,24,1,2022,3,TRUE
2022-03-28,24,1,2022,3,TRUE
2022-03-29,24,1,2022,3,TRUE
2022-03-30,24,1,2022,3,TRUE
2022-03-31,24,1,2022,3,TRUE
2022-04-01,24,1,2022,4,TRUE
2022-04-02,24,1,2022,4,TRUE
2022-04-03,24,1,2022,4,TRUE
2022-04-04,24,1,2022,4,TRUE
2022-04-05,24,1,2022,4,TRUE
2022-04-06,24,1,2022,4,TRUE
2022-04-07,24,1,2022,4,TRUE
2022-04-08,24,1,2022,4,TRUE
2022-04-09,24,1,2022,4,TRUE
2022-04-10,24,1,2022,4,TRUE
2022-04-11,24,1,2022,4,TRUE
2022-04-12,24,1,2022,4,TRUE
2022-04-13,24,1,2022,4,TRUE
2022-04-14,24,1,2022,4,TRUE
2022-04-15,24,1,2022,4,TRUE
2022-04-16,24,1,2022,4,TRUE
2022-04-17,24,1,2022,4,TRUE
2022-04-18,24,1,2022,4,TRUE
2022-04-19,24,1,2022,4,TRUE
2022-04-20,24,1,2022,4,TRUE
2022-04-21,24,1,2022,4,TRUE
2022-04-22,24,1,2022,4,TRUE
2022-04-23,24,1,2022,4,TRUE
2022-04-24,24,1,2022,4,TRUE
2022-04-25,24,1,2022,4,TRUE
2022-04-26,24,1,2022,4,TRUE
2022-04-27,24,1,2022,4,TRUE
2022-04-28,24,1,2022,4,TRUE
2022-04-29,24,1,2022,4,TRUE
2022-04-30,24,1,2022,4,TRUE
2022-05-01,24,1,2022,5,TRUE
2022-05-02,24,1,2022,5,TRUE
2022-05-03,24,1,2022,5,TRUE
2022-05-04,24,1,2022,5,TRUE
2022-05-05,24,1,2022,5,TRUE
2022-05-06,24,1,2022,5,TRUE
2022-05-07,24,1,2022,5,TRUE
2022-05-08,24,1,2022,5,TRUE
2022-05-09,24,1,2022,5,TRUE
2022-05-10,24,1,2022,5,TRUE
2022-05-11,24,1,2022,5,TRUE
2022-05-12,24,1,2022,5,TRUE
2022-05-13,24,1,2022,5,TRUE
2022-05-14,24,1,2022,5,TRUE
2022-05-15,24,1,2022,5,TRUE
2022-05-16,24,1,2022,5,TRUE
2022-05-17,24,1,2022,5,TRUE
2022-05-18,24,1,2022,5,TRUE
2022-05-19,24,1,2022,5,TRUE
2022-05-20,24,1,2022,5,TRUE
2022-05-21,24,1,2022,5,TRUE
2022-05-22,24,1,2022,5,TRUE
2022-05-23,24,1,2022,5,TRUE
2022-05-24,24,1,2022,5,TRUE
2022-05-25,24,1,2022,5,TRUE
2022-05-26,24,1,2022,5,TRUE
2022-05-27,24,1,2022,5,TRUE
2022-05-28,24,1,2022,5,TRUE
2022-05-29,24,1,2022,5,TRUE
2022-05-30,24,1,2022,5,TRUE
2022-05-31,24,1,2022,5,TRUE
2022-06-01,24,1,2022,6,TRUE
2022-06-02,24,1,2022,6,TRUE
2022-06-03,24,1,2022,6,TRUE
2022-06-04,24,1,2022,6,TRUE
2022-06-05,24,1,2022,6,TRUE
2022-06-06,24,1,2022,6,FALSE
2022-06-07,24,1,2022,6,TRUE
2022-06-08,24,1,2022,6,TRUE
2022-06-09,24,1,2022,6,TRUE
2022-06-10,24,1,2022,6,TRUE
2022-06-11,24,1,2022,6,FALSE
2022-06-12,24,1,2022,6,TRUE
2022-06-13,24,1,2022,6,TRUE
2022-06-14,24,1,2022,6,TRUE
2022-06-15,24,1,2022,6,TRUE
2022-06-16,24,1,2022,6,TRUE
2022-06-17,24,1,2022,6,TRUE
2022-06-18,24,1,2022,6,TRUE
2022-06-19,24,1,2022,6,TRUE
2022-06-20,24,1,2022,6,TRUE
2022-06-21,24,1,2022,6,TRUE
2022-06-22,24,1,2022,6,TRUE
2022-06-23,24,1,2022,6,TRUE
2022-06-24,24,1,2022,6,TRUE
2022-06-25,24,1,2022,6,TRUE
2022-06-26,24,1,2022,6,TRUE
2022-06-27,24,1,2022,6,TRUE
2022-06-28,24,1,2022,6,TRUE
2022-06-29,24,1,2022,6,TRUE
2022-06-30,24,1,2022,6,TRUE
2022-07-01,24,1,2022,7,TRUE
2022-07-02,24,1,2022,7,TRUE
2022-07-03,24,1,2022,7,TRUE
2022-07-04,24,1,2022,7,TRUE
2022-07-05,24,1,2022,7,TRUE
2022-07-06,24,1,2022,7,TRUE
2022-07-07,24,1,2022,7,TRUE
2022-07-08,24,1,2022,7,TRUE
2022-07-09,24,1,2022,7,TRUE
2022-07-10,24,1,2022,7,TRUE
2022-07-11,24,1,2022,7,TRUE
2022-07-12,24,1,2022,7,TRUE
2022-07-13,24,1,2022,7,TRUE
2022-07-14,24,1,2022,7,TRUE
2022-07-15,24,1,2022,7,TRUE
2022-07-16,24,1,2022,7,TRUE
2022-07-17,24,1,2022,7,TRUE
2022-07-18,24,1,2022,7,TRUE
2022-07-19,24,1,2022,7,TRUE
2022-07-20,24,1,2022,7,TRUE
2022-07-21,24,1,2022,7,TRUE
2022-07-22,24,1,2022,7,TRUE
2022-07-23,24,1,2022,7,TRUE
2022-07-24,24,1,2022,7,TRUE
2022-07-25,24,1,2022,7,TRUE
2022-07-26,24,1,2022,7,TRUE
2022-07-27,24,1,2022,7,TRUE
2022-07-28,24,1,2022,7,TRUE
2022-07-29,24,1,2022,7,TRUE
2022-07-30,24,1,2022,7,TRUE
2022-07-31,24,1,2022,7,TRUE
2022-08-01,24,1,2022,8,TRUE
2022-08-02,24,1,2022,8,TRUE
2022-08-03,24,1,2022,8,TRUE
2022-08-04,24,1,2022,8,TRUE
2022-08-05,24,1,2022,8,TRUE
2022-08-06,24,1,2022,8,TRUE
2022-08-07,24,1,2022,8,TRUE
2022-08-08,24,1,2022,8,TRUE
2022-08-09,24,1,2022,8,TRUE
2022-08-10,24,1,2022,8,TRUE
2022-08-11,24,1,2022,8,TRUE
2022-08-12,24,1,2022,8,TRUE
2022-08-13,24,1,2022,8,TRUE
2022-08-14,24,1,2022,8,TRUE
2022-08-15,24,1,2022,8,TRUE
2022-08-16,24,1,2022,8,TRUE
2022-08-17,24,1,2022,8,TRUE
2022-08-18,24,1,2022,8,TRUE
2022-08-19,24,1,2022,8,TRUE
2022-08-20,24,1,2022,8,TRUE
2022-08-21,24,1,2022,8,TRUE
2022-08-22,24,1,2022,8,TRUE
2022-08-23,24,1,2022,8,TRUE
2022-08-24,24,1,2022,8,TRUE
2022-08-25,24,1,2022,8,TRUE
2022-08-26,24,1,2022,8,TRUE
2022-08-27,24,1,2022,8,TRUE
2022-08-28,24,1,2022,8,TRUE
2022-08-29,24,1,2022,8,TRUE
2022-08-30,24,1,2022,8,TRUE
2022-08-31,24,1,2022,8,TRUE
2022-09-01,24,1,2022,9,TRUE
2022-09-02,24,1,2022,9,TRUE
2022-09-03,24,1,2022,9,TRUE
2022-09-04,24,1,2022,9,TRUE
2022-09-05,24,1,2022,9,TRUE
2022-09-06,24,1,2022,9,TRUE
2022-09-07,24,1,2022,9,TRUE
2022-09-08,24,1,2022,9,TRUE
2022-09-09,24,1,2022,9,TRUE
2022-09-10,24,1,2022,9,TRUE
2022-09-11,24,1,2022,9,TRUE
2022-09-12,24,1,2022,9,TRUE
2022-09-13,24,1,2022,9,TRUE
2022-09-14,24,1,2022,9,TRUE
2022-09-15,24,1,2022,9,TRUE
2022-09-16,24,1,2022,9,TRUE
2022-09-17,24,1,2022,9,TRUE
2022-09-18,24,1,2022,9,TRUE
2022-09-19,24,1,2022,9,TRUE
2022-09-20,24,1,2022,9,TRUE
2022-09-21,24,1,2022,9,FALSE
2022-09-22,24,1,2022,9,TRUE
2022-09-23,24,1,2022,9,TRUE
2022-09-24,24,1,2022,9,TRUE
2022-09-25,24,1,2022,9,TRUE
2022-09-26,24,1,2022,9,TRUE
2022-09-27,24,1,2022,9,TRUE
2022-09-28,24,1,2022,9,TRUE
2022-09-29,24,1,2022,9,TRUE
2022-09-30,24,1,2022,9,TRUE
2022-10-01,24,1,2022,10,TRUE
2022-10-02,24,1,2022,10,TRUE
2022-10-03,24,1,2022,10,TRUE
2022-10-04,24,1,2022,10,TRUE
2022-10-05,24,1,2022,10,TRUE
2022-10-06,24,1,2022,10,TRUE
2022-10-07,24,1,2022,10,TRUE
2022-10-08,24,1,2022,10,TRUE
2022-10-09,24,1,2022,10,TRUE
2022-10-10,24,1,2022,10,TRUE
2022-10-11,24,1,2022,10,TRUE
2022-10-12,24,1,2022,10,TRUE
2022-10-13,24,1,2022,10,TRUE
2022-10-17,24,1,2022,10,FALSE
2022-10-18,24,1,2022,10,TRUE
2022-10-19,24,1,2022,10,TRUE
2022-10-20,24,1,2022,10,TRUE
2022-10-21,24,1,2022,10,TRUE
2022-10-22,24,1,2022,10,TRUE
2022-10-23,24,1,2022,10,TRUE
2022-10-24,24,1,2022,10,TRUE
2022-10-25,24,1,2022,10,TRUE
2022-10-26,24,1,2022,10,TRUE
2022-10-27,24,1,2022,10,TRUE
2022-10-28,24,1,2022,10,TRUE
2022-10-29,24,1,2022,10,TRUE
2022-10-30,24,1,2022,10,TRUE
2022-10-31,24,1,2022,10,TRUE
2022-11-01,24,1,2022,11,TRUE
2022-11-02,24,1,2022,11,TRUE
2022-11-03,24,1,2022,11,TRUE
2022-11-04,24,1,2022,11,TRUE
2022-11-05,24,1,2022,11,TRUE
2022-11-06,24,1,2022,11,TRUE
2022-11-07,24,1,2022,11,TRUE
2022-11-08,24,1,2022,11,TRUE
2022-11-09,24,1,2022,11,TRUE
2022-11-10,24,1,2022,11,TRUE
2022-11-11,24,1,2022,11,TRUE
2022-11-12,24,1,2022,11,TRUE
2022-11-13,24,1,2022,11,TRUE
2022-11-14,24,1,2022,11,TRUE
2022-11-15,24,1,2022,11,TRUE
2022-11-16,24,1,2022,11,TRUE
2022-11-17,24,1,2022,11,TRUE
2022-11-18,24,1,2022,11,TRUE
2022-11-19,24,1,2022,11,TRUE
2022-11-20,24,1,2022,11,TRUE
2022-11-21,24,1,2022,11,TRUE
2022-11-22,24,1,2022,11,TRUE
2022-11-23,24,1,2022,11,TRUE
2022-11-24,24,1,2022,11,TRUE
2022-11-25,24,1,2022,11,TRUE
2022-11-26,24,1,2022,11,TRUE
2022-11-27,24,1,2022,11,TRUE
2022-11-28,24,1,2022,11,TRUE
2022-11-29,24,1,2022,11,TRUE
2022-11-30,24,1,2022,11,TRUE
2022-12-01,24,1,2022,12,TRUE
2022-12-02,24,1,2022,12,TRUE
2022-12-03,24,1,2022,12,TRUE
2022-12-04,24,1,2022,12,TRUE
2022-12-05,24,1,2022,12,TRUE
2022-12-06,24,1,2022,12,TRUE
2022-12-07,24,1,2022,12,TRUE
2022-12-08,24,1,2022,12,TRUE
2022-12-09,24,1,2022,12,TRUE
2022-12-10,24,1,2022,12,TRUE
2022-12-11,24,1,2022,12,TRUE
2022-12-12,24,1,2022,12,TRUE
2022-12-13,24,1,2022,12,TRUE
2022-12-14,24,1,2022,12,TRUE
2022-12-15,24,1,2022,12,TRUE
2022-12-16,24,1,2022,12,TRUE
2022-12-17,24,1,2022,12,TRUE
2022-12-18,24,1,2022,12,TRUE
2022-12-19,24,1,2022,12,TRUE
2022-12-20,24,1,2022,12,TRUE
2022-12-21,24,1,2022,12,TRUE
2022-12-22,24,1,2022,12,TRUE
2022-12-23,24,1,2022,12,TRUE
2022-12-24,24,1,2022,12,TRUE
2022-12-25,24,1,2022,12,TRUE
2022-12-26,24,1,2022,12,TRUE
2022-12-27,24,1,2022,12,TRUE
2022-12-28,24,1,2022,12,TRUE
2022-12-29,24,1,2022,12,TRUE
2022-12-30,24,1,2022,12,TRUE
2022-12-31,24,1,2022,12,TRUE
2023-01-01,24,1,2023,1,TRUE
2023-01-02,24,1,2023,1,TRUE
2023-01-03,24,1,2023,1,TRUE
2023-01-04,24,1,2023,1,TRUE
2023-01-05,24,1,2023,1,TRUE
2023-01-06,24,1,2023,1,TRUE
2023-01-07,24,1,2023,1,TRUE
2023-01-08,24,1,2023,1,TRUE
2023-01-09,24,1,2023,1,TRUE
2023-01-10,24,1,2023,1,TRUE
2023-01-11,24,1,2023,1,TRUE
2023-01-12,24,1,2023,1,TRUE
2023-01-13,24,1,2023,1,TRUE
2023-01-14,24,1,2023,1,TRUE
2023-01-15,24,1,2023,1,TRUE
2023-01-16,24,1,2023,1,TRUE
2023-01-17,24,1,2023,1,TRUE
2023-01-18,24,1,2023,1,TRUE
2023-01-19,24,1,2023,1,TRUE
2023-01-20,24,1,2023,1,TRUE
2023-01-21,24,1,2023,1,TRUE
2023-01-22,24,1,2023,1,TRUE
2023-01-23,24,1,2023,1,TRUE
2023-01-24,24,1,2023,1,TRUE
2023-01-25,24,1,2023,1,TRUE
2023-01-26,24,1,2023,1,TRUE
2023-01-27,24,1,2023,1,TRUE
2023-01-28,24,1,2023,1,TRUE
2023-01-29,24,1,2023,1,TRUE
2023-01-30,24,1,2023,1,TRUE
2023-01-31,24,1,2023,1,TRUE
2023-02-01,24,1,2023,2,TRUE
2023-02-02,24,1,2023,2,TRUE
2023-02-03,24,1,2023,2,TRUE
2023-02-04,24,1,2023,2,TRUE
2023-02-05,24,1,2023,2,TRUE
2023-02-06,24,1,2023,2,TRUE
2023-02-07,24,1,2023,2,TRUE
2023-02-08,24,1,2023,2,TRUE
2023-02-09,24,1,2023,2,TRUE
2023-02-10,24,1,2023,2,TRUE
2023-02-11,24,1,2023,2,TRUE
2023-02-12,24,1,2023,2,TRUE
2023-02-13,24,1,2023,2,TRUE
2023-02-14,24,1,2023,2,TRUE
2023-02-15,24,1,2023,2,TRUE
2023-02-16,24,1,2023,2,TRUE
2023-02-17,24,1,2023,2,TRUE
2023-02-18,24,1,2023,2,TRUE
2023-02-19,24,1,2023,2,TRUE
2023-02-20,24,1,2023,2,TRUE
2023-02-21,24,1,2023,2,TRUE
2023-02-22,24,1,2023,2,TRUE
2023-02-23,24,1,2023,2,TRUE
2023-02-24,24,1,2023,2,TRUE
2023-02-25,24,1,2023,2,TRUE
2023-02-26,24,1,2023,2,TRUE
2023-02-27,24,1,2023,2,TRUE
2023-02-28,24,1,2023,2,TRUE
2023-03-01,24,1,2023,3,TRUE
2023-03-02,24,1,2023,3,TRUE
2023-03-03,24,1,2023,3,TRUE
2023-03-04,24,1,2023,3,TRUE
2023-03-05,24,1,2023,3,TRUE
2023-03-06,24,1,2023,3,TRUE
2023-03-07,24,1,2023,3,TRUE
2023-03-08,24,1,2023,3,TRUE
2023-03-09,24,1,2023,3,TRUE
2023-03-10,24,1,2023,3,TRUE
2023-03-11,24,1,2023,3,TRUE
2023-03-12,24,1,2023,3,TRUE
2023-03-13,24,1,2023,3,TRUE
2023-03-14,24,1,2023,3,TRUE
2023-03-15,24,1,2023,3,TRUE
2023-03-16,24,1,2023,3,TRUE
2023-03-17,24,1,2023,3,TRUE
2023-03-18,24,1,2023,3,TRUE
2023-03-19,24,1,2023,3,TRUE
2023-03-20,24,1,2023,3,TRUE
2023-03-21,24,1,2023,3,TRUE
2023-03-22,24,1,2023,3,TRUE
2023-03-23,24,1,2023,3,TRUE
2023-03-24,24,1,2023,3,TRUE
2023-03-25,24,1,2023,3,TRUE
2023-03-26,24,1,2023,3,TRUE
2023-03-27,24,1,2023,3,TRUE
2023-03-28,24,1,2023,3,TRUE
2023-03-29,24,1,2023,3,TRUE
2023-03-30,24,1,2023,3,TRUE
2023-03-31,24,1,2023,3,TRUE
2023-04-01,24,1,2023,4,TRUE
2023-04-02,24,1,2023,4,TRUE
2023-04-03,24,1,2023,4,TRUE
2023-04-04,24,1,2023,4,TRUE
2023-04-05,24,1,2023,4,TRUE
2023-04-06,24,1,2023,4,TRUE
2023-04-07,24,1,2023,4,TRUE
2023-04-08,24,1,2023,4,TRUE
2023-04-09,24,1,2023,4,TRUE
2023-04-10,24,1,2023,4,TRUE
2023-04-11,24,1,2023,4,TRUE
2023-04-12,24,1,2023,4,TRUE
2023-04-13,24,1,2023,4,TRUE
2023-04-14,24,1,2023,4,TRUE
2023-04-16,24,1,2023,4,FALSE
2023-04-17,24,1,2023,4,TRUE
2023-04-18,24,1,2023,4,TRUE
2023-04-19,24,1,2023,4,TRUE
2023-04-20,24,1,2023,4,TRUE
2023-04-21,24,1,2023,4,TRUE
2023-04-22,24,1,2023,4,TRUE
2023-04-23,24,1,2023,4,TRUE
2023-04-24,24,1,2023,4,TRUE
2023-04-25,24,1,2023,4,TRUE
2023-04-26,24,1,2023,4,TRUE
2023-04-27,24,1,2023,4,TRUE
2023-04-28,24,1,2023,4,TRUE
2023-04-29,24,1,2023,4,TRUE
2023-04-30,24,1,2023,4,TRUE
2023-05-01,24,1,2023,5,TRUE
2023-05-02,24,1,2023,5,TRUE
2023-05-03,24,1,2023,5,TRUE
2023-05-04,24,1,2023,5,TRUE
2023-05-05,24,1,2023,5,TRUE
2023-05-06,24,1,2023,5,TRUE
2023-05-07,24,1,2023,5,TRUE
2023-05-08,24,1,2023,5,TRUE
2023-05-09,24,1,2023,5,TRUE
2023-05-10,24,1,2023,5,TRUE
2023-05-11,24,1,2023,5,TRUE
2023-05-12,24,1,2023,5,TRUE
2023-05-13,24,1,2023,5,TRUE
2023-05-14,24,1,2023,5,TRUE
2023-05-15,24,1,2023,5,TRUE
2023-05-16,24,1,2023,5,TRUE
2023-05-17,24,1,2023,5,TRUE
2023-05-18,24,1,2023,5,TRUE
2023-05-19,24,1,2023,5,TRUE
2023-05-20,24,1,2023,5,TRUE
2023-05-21,24,1,2023,5,TRUE
2023-05-22,24,1,2023,5,TRUE
2023-05-23,24,1,2023,5,TRUE
2023-05-24,24,1,2023,5,TRUE
2023-05-25,24,1,2023,5,TRUE
2023-05-26,24,1,2023,5,TRUE
2023-05-27,24,1,2023,5,TRUE
2023-05-28,24,1,2023,5,TRUE
2023-05-29,24,1,2023,5,TRUE
2023-05-30,24,1,2023,5,TRUE
2023-05-31,24,1,2023,5,TRUE
2023-06-01,24,1,2023,6,TRUE
2023-06-02,24,1,2023,6,TRUE
2023-06-03,24,1,2023,6,TRUE
2023-06-04,24,1,2023,6,TRUE
2023-06-05,24,1,2023,6,TRUE
2023-06-06,24,1,2023,6,TRUE
2023-06-07,24,1,2023,6,TRUE
2023-06-08,24,1,2023,6,TRUE
2023-06-09,24,1,2023,6,TRUE
2023-06-10,24,1,2023,6,TRUE
2023-06-11,24,1,2023,6,TRUE
2023-06-12,24,1,2023,6,TRUE
2023-06-13,24,1,2023,6,TRUE
2023-06-14,24,1,2023,6,TRUE
2023-06-15,24,1,2023,6,TRUE
2023-06-16,24,1,2023,6,TRUE
2023-06-17,24,1,2023,6,TRUE
2023-06-18,24,1,2023,6,TRUE
2023-06-19,24,1,2023,6,TRUE
2023-06-20,24,1,2023,6,TRUE
2023-06-21,24,1,2023,6,TRUE
2023-06-22,24,1,2023,6,TRUE
2023-06-23,24,1,2023,6,TRUE
2023-06-24,24,1,2023,6,TRUE
2023-06-25,24,1,2023,6,TRUE
2023-06-26,24,1,2023,6,TRUE
2023-06-27,24,1,2023,6,TRUE
2023-06-28,24,1,2023,6,TRUE
2023-06-29,24,1,2023,6,TRUE
2023-06-30,24,1,2023,6,TRUE
2023-07-01,24,1,2023,7,TRUE
2023-07-02,24,1,2023,7,TRUE
2023-07-03,24,1,2023,7,TRUE
2023-07-04,24,1,2023,7,TRUE
2023-07-05,24,1,2023,7,TRUE
2023-07-06,24,1,2023,7,TRUE
2023-07-07,24,1,2023,7,TRUE
2023-07-08,24,1,2023,7,TRUE
2023-07-09,24,1,2023,7,TRUE
2023-07-10,24,1,2023,7,TRUE
2023-07-11,24,1,2023,7,TRUE
2023-07-12,24,1,2023,7,TRUE
2023-07-13,24,1,2023,7,TRUE
2023-07-14,24,1,2023,7,TRUE
2023-07-15,24,1,2023,7,TRUE
2023-07-16,24,1,2023,7,TRUE
2023-07-17,24,1,2023,7,TRUE
2023-07-18,24,1,2023,7,TRUE
2023-07-19,24,1,2023,7,TRUE
2023-07-20,24,1,2023,7,TRUE
2023-07-21,24,1,2023,7,TRUE
2023-07-22,24,1,2023,7,TRUE
2023-07-23,24,1,2023,7,TRUE
2023-07-24,24,1,2023,7,TRUE
2023-07-25,24,1,2023,7,TRUE
2023-07-26,24,1,2023,7,TRUE
2023-07-27,24,1,2023,7,TRUE
2023-07-28,24,1,2023,7,TRUE
2023-07-29,24,1,2023,7,TRUE
2023-07-30,24,1,2023,7,TRUE
2023-07-31,24,1,2023,7,TRUE
2023-08-01,24,1,2023,8,TRUE
2023-08-02,24,1,2023,8,TRUE
2023-08-03,24,1,2023,8,TRUE
2023-08-04,24,1,2023,8,TRUE
2023-08-05,24,1,2023,8,TRUE
2023-08-06,24,1,2023,8,TRUE
2023-08-07,24,1,2023,8,TRUE
2023-08-08,24,1,2023,8,TRUE
2023-08-09,24,1,2023,8,TRUE
2023-08-10,24,1,2023,8,TRUE
2023-08-11,24,1,2023,8,TRUE
2023-08-12,24,1,2023,8,TRUE
2023-08-13,24,1,2023,8,TRUE
2023-08-14,24,1,2023,8,TRUE
2023-08-15,24,1,2023,8,TRUE
2023-08-16,24,1,2023,8,TRUE
2023-08-17,24,1,2023,8,TRUE
2023-08-18,24,1,2023,8,TRUE
2023-08-19,24,1,2023,8,TRUE
2023-08-20,24,1,2023,8,TRUE
2023-08-21,24,1,2023,8,TRUE
2023-08-22,24,1,2023,8,TRUE
2023-08-23,24,1,2023,8,TRUE
2023-08-24,24,1,2023,8,TRUE
2023-08-25,24,1,2023,8,TRUE
2023-08-26,24,1,2023,8,TRUE
2023-08-27,24,1,2023,8,TRUE
2023-08-28,24,1,2023,8,TRUE
2023-08-29,24,1,2023,8,TRUE
2023-08-30,24,1,2023,8,TRUE
2023-08-31,24,1,2023,8,TRUE
2023-09-01,24,1,2023,9,TRUE
2023-09-02,24,1,2023,9,TRUE
2023-09-03,24,1,2023,9,TRUE
2023-09-04,24,1,2023,9,TRUE
2023-09-05,24,1,2023,9,TRUE
2023-09-06,24,1,2023,9,TRUE
2023-09-07,24,1,2023,9,TRUE
2023-09-08,24,1,2023,9,TRUE
2023-09-09,24,1,2023,9,TRUE
2023-09-10,24,1,2023,9,TRUE
2023-09-11,24,1,2023,9,TRUE
2023-09-12,24,1,2023,9,TRUE
2023-09-13,24,1,2023,9,TRUE
2023-09-14,24,1,2023,9,TRUE
2023-09-15,24,1,2023,9,TRUE
2023-09-16,24,1,2023,9,TRUE
2023-09-17,24,1,2023,9,TRUE
2023-09-18,24,1,2023,9,TRUE
2023-09-19,24,1,2023,9,TRUE
2023-09-20,24,1,2023,9,TRUE
2023-09-21,24,1,2023,9,TRUE
2023-09-22,24,1,2023,9,TRUE
